Time,Family,Abundance,Abundance.family,Sample
1,A4b,159,0.00265,c_m2
1,Alcaligenaceae,0,0,c_m2
1,Armatimonadaceae,0,0,c_m2
1,Babeliaceae,0,0,c_m2
1,Bacillaceae,6433,0.10721666666666667,c_m2
1,Beijerinckiaceae,0,0,c_m2
1,Burkholderiaceae,0,0,c_m2
1,Caulobacteraceae,85,0.0014166666666666668,c_m2
1,Chitinophagaceae,0,0,c_m2
1,Chthoniobacteraceae,6,1e-4,c_m2
1,Comamonadaceae,25,4.166666666666667e-4,c_m2
1,Corynebacteriaceae,401,0.006683333333333334,c_m2
1,Crocinitomicaceae,0,0,c_m2
1,Cyclobacteriaceae,0,0,c_m2
1,Cytophagaceae,0,0,c_m2
1,Desulfitobacteriaceae,0,0,c_m2
1,Devosiaceae,0,0,c_m2
1,Eggerthellaceae,0,0,c_m2
1,Enterobacteriaceae,1120,0.018666666666666668,c_m2
1,Enterococcaceae,2443,0.040716666666666665,c_m2
1,Erwiniaceae,6,1e-4,c_m2
1,Flavobacteriaceae,7,1.1666666666666667e-4,c_m2
1,Gemmataceae,1,1.6666666666666667e-5,c_m2
1,Geodermatophilaceae,0,0,c_m2
1,Hymenobacteraceae,0,0,c_m2
1,Intrasporangiaceae,0,0,c_m2
1,Isosphaeraceae,0,0,c_m2
1,KD3-93,0,0,c_m2
1,Kineosporiaceae,0,0,c_m2
1,Ktedonobacteraceae,0,0,c_m2
1,Lachnospiraceae,2,3.3333333333333335e-5,c_m2
1,Lactobacillaceae,47269,0.7878166666666667,c_m2
1,Legionellaceae,0,0,c_m2
1,Leptotrichiaceae,0,0,c_m2
1,Methylophilaceae,0,0,c_m2
1,Microbacteriaceae,301,0.005016666666666667,c_m2
1,Micrococcaceae,252,0.0042,c_m2
1,Micromonosporaceae,0,0,c_m2
1,Moraxellaceae,260,0.004333333333333333,c_m2
1,NS11-12 marine group,0,0,c_m2
1,Neisseriaceae,9,1.5e-4,c_m2
1,Nitrosopumilaceae,120,0.002,c_m2
1,Nitrososphaeraceae,0,0,c_m2
1,Oxalobacteraceae,69,0.00115,c_m2
1,Paenibacillaceae,45,7.5e-4,c_m2
1,Pedosphaeraceae,0,0,c_m2
1,Peptoniphilus,32,5.333333333333334e-4,c_m2
1,Phycisphaeraceae,0,0,c_m2
1,Pirellulaceae,0,0,c_m2
1,Planococcaceae,0,0,c_m2
1,Prevotellaceae,0,0,c_m2
1,Propionibacteriaceae,8,1.3333333333333334e-4,c_m2
1,Pseudomonadaceae,112,0.0018666666666666666,c_m2
1,Pseudonocardiaceae,407,0.006783333333333333,c_m2
1,Rhizobiaceae,0,0,c_m2
1,Rhodanobacteraceae,0,0,c_m2
1,Rhodocyclaceae,1,1.6666666666666667e-5,c_m2
1,Roseiflexaceae,7,1.1666666666666667e-4,c_m2
1,Rubinisphaeraceae,0,0,c_m2
1,Rubritaleaceae,54,9e-4,c_m2
1,Saccharimonadaceae,0,0,c_m2
1,Saprospiraceae,0,0,c_m2
1,Sphingobacteriaceae,0,0,c_m2
1,Sphingomonadaceae,0,0,c_m2
1,Spirosomaceae,231,0.00385,c_m2
1,Staphylococcaceae,65,0.0010833333333333333,c_m2
1,Streptococcaceae,0,0,c_m2
1,UBA12409,0,0,c_m2
1,Unknown Family,0,0,c_m2
1,Veillonellaceae,6,1e-4,c_m2
1,Verrucomicrobiaceae,0,0,c_m2
1,Vicinamibacteraceae,0,0,c_m2
1,Weeksellaceae,0,0,c_m2
1,Xanthobacteraceae,15,2.5e-4,c_m2
1,Xanthomonadaceae,0,0,c_m2
1,Yersiniaceae,0,0,c_m2
1,env.OPS 17,0,0,c_m2
1,NA,49,8.166666666666667e-4,c_m2
2,A4b,0,0,c_m2
2,Alcaligenaceae,0,0,c_m2
2,Armatimonadaceae,0,0,c_m2
2,Babeliaceae,0,0,c_m2
2,Bacillaceae,1836,0.0306,c_m2
2,Beijerinckiaceae,0,0,c_m2
2,Burkholderiaceae,0,0,c_m2
2,Caulobacteraceae,0,0,c_m2
2,Chitinophagaceae,0,0,c_m2
2,Chthoniobacteraceae,0,0,c_m2
2,Comamonadaceae,31,5.166666666666667e-4,c_m2
2,Corynebacteriaceae,9,1.5e-4,c_m2
2,Crocinitomicaceae,0,0,c_m2
2,Cyclobacteriaceae,0,0,c_m2
2,Cytophagaceae,0,0,c_m2
2,Desulfitobacteriaceae,0,0,c_m2
2,Devosiaceae,0,0,c_m2
2,Eggerthellaceae,0,0,c_m2
2,Enterobacteriaceae,400,0.006666666666666667,c_m2
2,Enterococcaceae,408,0.0068,c_m2
2,Erwiniaceae,8,1.3333333333333334e-4,c_m2
2,Flavobacteriaceae,0,0,c_m2
2,Gemmataceae,0,0,c_m2
2,Geodermatophilaceae,0,0,c_m2
2,Hymenobacteraceae,21,3.5e-4,c_m2
2,Intrasporangiaceae,0,0,c_m2
2,Isosphaeraceae,0,0,c_m2
2,KD3-93,0,0,c_m2
2,Kineosporiaceae,0,0,c_m2
2,Ktedonobacteraceae,0,0,c_m2
2,Lachnospiraceae,70,0.0011666666666666668,c_m2
2,Lactobacillaceae,57016,0.9502666666666667,c_m2
2,Legionellaceae,0,0,c_m2
2,Leptotrichiaceae,0,0,c_m2
2,Methylophilaceae,0,0,c_m2
2,Microbacteriaceae,4,6.666666666666667e-5,c_m2
2,Micrococcaceae,0,0,c_m2
2,Micromonosporaceae,0,0,c_m2
2,Moraxellaceae,0,0,c_m2
2,NS11-12 marine group,0,0,c_m2
2,Neisseriaceae,0,0,c_m2
2,Nitrosopumilaceae,0,0,c_m2
2,Nitrososphaeraceae,0,0,c_m2
2,Oxalobacteraceae,0,0,c_m2
2,Paenibacillaceae,3,5e-5,c_m2
2,Pedosphaeraceae,0,0,c_m2
2,Peptoniphilus,0,0,c_m2
2,Phycisphaeraceae,0,0,c_m2
2,Pirellulaceae,0,0,c_m2
2,Planococcaceae,0,0,c_m2
2,Prevotellaceae,0,0,c_m2
2,Propionibacteriaceae,19,3.1666666666666665e-4,c_m2
2,Pseudomonadaceae,0,0,c_m2
2,Pseudonocardiaceae,0,0,c_m2
2,Rhizobiaceae,11,1.8333333333333334e-4,c_m2
2,Rhodanobacteraceae,0,0,c_m2
2,Rhodocyclaceae,0,0,c_m2
2,Roseiflexaceae,2,3.3333333333333335e-5,c_m2
2,Rubinisphaeraceae,0,0,c_m2
2,Rubritaleaceae,0,0,c_m2
2,Saccharimonadaceae,0,0,c_m2
2,Saprospiraceae,32,5.333333333333334e-4,c_m2
2,Sphingobacteriaceae,0,0,c_m2
2,Sphingomonadaceae,45,7.5e-4,c_m2
2,Spirosomaceae,0,0,c_m2
2,Staphylococcaceae,85,0.0014166666666666668,c_m2
2,Streptococcaceae,0,0,c_m2
2,UBA12409,0,0,c_m2
2,Unknown Family,0,0,c_m2
2,Veillonellaceae,0,0,c_m2
2,Verrucomicrobiaceae,0,0,c_m2
2,Vicinamibacteraceae,0,0,c_m2
2,Weeksellaceae,0,0,c_m2
2,Xanthobacteraceae,0,0,c_m2
2,Xanthomonadaceae,0,0,c_m2
2,Yersiniaceae,0,0,c_m2
2,env.OPS 17,0,0,c_m2
2,NA,0,0,c_m2
3,A4b,0,0,c_m2
3,Alcaligenaceae,0,0,c_m2
3,Armatimonadaceae,0,0,c_m2
3,Babeliaceae,0,0,c_m2
3,Bacillaceae,7987,0.13311666666666666,c_m2
3,Beijerinckiaceae,0,0,c_m2
3,Burkholderiaceae,0,0,c_m2
3,Caulobacteraceae,0,0,c_m2
3,Chitinophagaceae,0,0,c_m2
3,Chthoniobacteraceae,0,0,c_m2
3,Comamonadaceae,500,0.008333333333333333,c_m2
3,Corynebacteriaceae,36,6e-4,c_m2
3,Crocinitomicaceae,0,0,c_m2
3,Cyclobacteriaceae,0,0,c_m2
3,Cytophagaceae,0,0,c_m2
3,Desulfitobacteriaceae,7,1.1666666666666667e-4,c_m2
3,Devosiaceae,0,0,c_m2
3,Eggerthellaceae,0,0,c_m2
3,Enterobacteriaceae,980,0.01633333333333333,c_m2
3,Enterococcaceae,3834,0.0639,c_m2
3,Erwiniaceae,0,0,c_m2
3,Flavobacteriaceae,0,0,c_m2
3,Gemmataceae,0,0,c_m2
3,Geodermatophilaceae,0,0,c_m2
3,Hymenobacteraceae,0,0,c_m2
3,Intrasporangiaceae,0,0,c_m2
3,Isosphaeraceae,0,0,c_m2
3,KD3-93,0,0,c_m2
3,Kineosporiaceae,0,0,c_m2
3,Ktedonobacteraceae,0,0,c_m2
3,Lachnospiraceae,0,0,c_m2
3,Lactobacillaceae,45754,0.7625666666666666,c_m2
3,Legionellaceae,0,0,c_m2
3,Leptotrichiaceae,0,0,c_m2
3,Methylophilaceae,0,0,c_m2
3,Microbacteriaceae,53,8.833333333333333e-4,c_m2
3,Micrococcaceae,0,0,c_m2
3,Micromonosporaceae,0,0,c_m2
3,Moraxellaceae,0,0,c_m2
3,NS11-12 marine group,0,0,c_m2
3,Neisseriaceae,0,0,c_m2
3,Nitrosopumilaceae,0,0,c_m2
3,Nitrososphaeraceae,0,0,c_m2
3,Oxalobacteraceae,135,0.00225,c_m2
3,Paenibacillaceae,243,0.00405,c_m2
3,Pedosphaeraceae,0,0,c_m2
3,Peptoniphilus,0,0,c_m2
3,Phycisphaeraceae,0,0,c_m2
3,Pirellulaceae,0,0,c_m2
3,Planococcaceae,0,0,c_m2
3,Prevotellaceae,0,0,c_m2
3,Propionibacteriaceae,101,0.0016833333333333333,c_m2
3,Pseudomonadaceae,0,0,c_m2
3,Pseudonocardiaceae,6,1e-4,c_m2
3,Rhizobiaceae,0,0,c_m2
3,Rhodanobacteraceae,0,0,c_m2
3,Rhodocyclaceae,305,0.005083333333333333,c_m2
3,Roseiflexaceae,14,2.3333333333333333e-4,c_m2
3,Rubinisphaeraceae,0,0,c_m2
3,Rubritaleaceae,0,0,c_m2
3,Saccharimonadaceae,0,0,c_m2
3,Saprospiraceae,0,0,c_m2
3,Sphingobacteriaceae,0,0,c_m2
3,Sphingomonadaceae,0,0,c_m2
3,Spirosomaceae,0,0,c_m2
3,Staphylococcaceae,45,7.5e-4,c_m2
3,Streptococcaceae,0,0,c_m2
3,UBA12409,0,0,c_m2
3,Unknown Family,0,0,c_m2
3,Veillonellaceae,0,0,c_m2
3,Verrucomicrobiaceae,0,0,c_m2
3,Vicinamibacteraceae,0,0,c_m2
3,Weeksellaceae,0,0,c_m2
3,Xanthobacteraceae,0,0,c_m2
3,Xanthomonadaceae,0,0,c_m2
3,Yersiniaceae,0,0,c_m2
3,env.OPS 17,0,0,c_m2
3,NA,0,0,c_m2
4,A4b,0,0,c_m2
4,Alcaligenaceae,0,0,c_m2
4,Armatimonadaceae,0,0,c_m2
4,Babeliaceae,0,0,c_m2
4,Bacillaceae,9334,0.15556666666666666,c_m2
4,Beijerinckiaceae,0,0,c_m2
4,Burkholderiaceae,42,7e-4,c_m2
4,Caulobacteraceae,0,0,c_m2
4,Chitinophagaceae,0,0,c_m2
4,Chthoniobacteraceae,24,4e-4,c_m2
4,Comamonadaceae,606,0.0101,c_m2
4,Corynebacteriaceae,86,0.0014333333333333333,c_m2
4,Crocinitomicaceae,0,0,c_m2
4,Cyclobacteriaceae,0,0,c_m2
4,Cytophagaceae,0,0,c_m2
4,Desulfitobacteriaceae,0,0,c_m2
4,Devosiaceae,0,0,c_m2
4,Eggerthellaceae,0,0,c_m2
4,Enterobacteriaceae,1624,0.027066666666666666,c_m2
4,Enterococcaceae,6391,0.10651666666666666,c_m2
4,Erwiniaceae,349,0.005816666666666667,c_m2
4,Flavobacteriaceae,86,0.0014333333333333333,c_m2
4,Gemmataceae,0,0,c_m2
4,Geodermatophilaceae,0,0,c_m2
4,Hymenobacteraceae,0,0,c_m2
4,Intrasporangiaceae,140,0.0023333333333333335,c_m2
4,Isosphaeraceae,16,2.666666666666667e-4,c_m2
4,KD3-93,0,0,c_m2
4,Kineosporiaceae,0,0,c_m2
4,Ktedonobacteraceae,0,0,c_m2
4,Lachnospiraceae,0,0,c_m2
4,Lactobacillaceae,39658,0.6609666666666667,c_m2
4,Legionellaceae,0,0,c_m2
4,Leptotrichiaceae,0,0,c_m2
4,Methylophilaceae,0,0,c_m2
4,Microbacteriaceae,149,0.0024833333333333335,c_m2
4,Micrococcaceae,177,0.00295,c_m2
4,Micromonosporaceae,0,0,c_m2
4,Moraxellaceae,149,0.0024833333333333335,c_m2
4,NS11-12 marine group,0,0,c_m2
4,Neisseriaceae,0,0,c_m2
4,Nitrosopumilaceae,0,0,c_m2
4,Nitrososphaeraceae,69,0.00115,c_m2
4,Oxalobacteraceae,0,0,c_m2
4,Paenibacillaceae,0,0,c_m2
4,Pedosphaeraceae,0,0,c_m2
4,Peptoniphilus,0,0,c_m2
4,Phycisphaeraceae,0,0,c_m2
4,Pirellulaceae,0,0,c_m2
4,Planococcaceae,105,0.00175,c_m2
4,Prevotellaceae,0,0,c_m2
4,Propionibacteriaceae,62,0.0010333333333333334,c_m2
4,Pseudomonadaceae,74,0.0012333333333333332,c_m2
4,Pseudonocardiaceae,0,0,c_m2
4,Rhizobiaceae,38,6.333333333333333e-4,c_m2
4,Rhodanobacteraceae,0,0,c_m2
4,Rhodocyclaceae,0,0,c_m2
4,Roseiflexaceae,0,0,c_m2
4,Rubinisphaeraceae,0,0,c_m2
4,Rubritaleaceae,349,0.005816666666666667,c_m2
4,Saccharimonadaceae,0,0,c_m2
4,Saprospiraceae,0,0,c_m2
4,Sphingobacteriaceae,0,0,c_m2
4,Sphingomonadaceae,23,3.8333333333333334e-4,c_m2
4,Spirosomaceae,0,0,c_m2
4,Staphylococcaceae,89,0.0014833333333333332,c_m2
4,Streptococcaceae,0,0,c_m2
4,UBA12409,0,0,c_m2
4,Unknown Family,62,0.0010333333333333334,c_m2
4,Veillonellaceae,0,0,c_m2
4,Verrucomicrobiaceae,33,5.5e-4,c_m2
4,Vicinamibacteraceae,0,0,c_m2
4,Weeksellaceae,0,0,c_m2
4,Xanthobacteraceae,57,9.5e-4,c_m2
4,Xanthomonadaceae,208,0.0034666666666666665,c_m2
4,Yersiniaceae,0,0,c_m2
4,env.OPS 17,0,0,c_m2
4,NA,0,0,c_m2
5,A4b,0,0,c_m2
5,Alcaligenaceae,0,0,c_m2
5,Armatimonadaceae,0,0,c_m2
5,Babeliaceae,0,0,c_m2
5,Bacillaceae,5045,0.09884017083970063,c_m2
5,Beijerinckiaceae,0,0,c_m2
5,Burkholderiaceae,40,7.836683515536225e-4,c_m2
5,Caulobacteraceae,40,7.836683515536225e-4,c_m2
5,Chitinophagaceae,0,0,c_m2
5,Chthoniobacteraceae,0,0,c_m2
5,Comamonadaceae,214,0.00419262568081188,c_m2
5,Corynebacteriaceae,105,0.002057129422828259,c_m2
5,Crocinitomicaceae,18,3.5265075819913014e-4,c_m2
5,Cyclobacteriaceae,0,0,c_m2
5,Cytophagaceae,0,0,c_m2
5,Desulfitobacteriaceae,0,0,c_m2
5,Devosiaceae,0,0,c_m2
5,Eggerthellaceae,19,3.722424669879707e-4,c_m2
5,Enterobacteriaceae,1288,0.025234120920026644,c_m2
5,Enterococcaceae,1976,0.038713216566748955,c_m2
5,Erwiniaceae,145,0.0028407977743818815,c_m2
5,Flavobacteriaceae,2,3.918341757768113e-5,c_m2
5,Gemmataceae,0,0,c_m2
5,Geodermatophilaceae,0,0,c_m2
5,Hymenobacteraceae,0,0,c_m2
5,Intrasporangiaceae,0,0,c_m2
5,Isosphaeraceae,0,0,c_m2
5,KD3-93,20,3.9183417577681127e-4,c_m2
5,Kineosporiaceae,0,0,c_m2
5,Ktedonobacteraceae,12,2.3510050546608676e-4,c_m2
5,Lachnospiraceae,73,0.0014301947415853611,c_m2
5,Lactobacillaceae,40608,0.7955801104972375,c_m2
5,Legionellaceae,0,0,c_m2
5,Leptotrichiaceae,0,0,c_m2
5,Methylophilaceae,0,0,c_m2
5,Microbacteriaceae,0,0,c_m2
5,Micrococcaceae,0,0,c_m2
5,Micromonosporaceae,0,0,c_m2
5,Moraxellaceae,0,0,c_m2
5,NS11-12 marine group,5,9.795854394420282e-5,c_m2
5,Neisseriaceae,0,0,c_m2
5,Nitrosopumilaceae,0,0,c_m2
5,Nitrososphaeraceae,0,0,c_m2
5,Oxalobacteraceae,16,3.13467340621449e-4,c_m2
5,Paenibacillaceae,529,0.010364013949296657,c_m2
5,Pedosphaeraceae,0,0,c_m2
5,Peptoniphilus,0,0,c_m2
5,Phycisphaeraceae,0,0,c_m2
5,Pirellulaceae,71,0.00139101132400768,c_m2
5,Planococcaceae,0,0,c_m2
5,Prevotellaceae,0,0,c_m2
5,Propionibacteriaceae,26,5.093844285098546e-4,c_m2
5,Pseudomonadaceae,4,7.836683515536225e-5,c_m2
5,Pseudonocardiaceae,0,0,c_m2
5,Rhizobiaceae,159,0.0031150816974256494,c_m2
5,Rhodanobacteraceae,11,2.155087966772462e-4,c_m2
5,Rhodocyclaceae,0,0,c_m2
5,Roseiflexaceae,15,2.9387563183260845e-4,c_m2
5,Rubinisphaeraceae,0,0,c_m2
5,Rubritaleaceae,6,1.1755025273304338e-4,c_m2
5,Saccharimonadaceae,0,0,c_m2
5,Saprospiraceae,0,0,c_m2
5,Sphingobacteriaceae,0,0,c_m2
5,Sphingomonadaceae,416,0.008150150856157674,c_m2
5,Spirosomaceae,0,0,c_m2
5,Staphylococcaceae,30,5.877512636652169e-4,c_m2
5,Streptococcaceae,0,0,c_m2
5,UBA12409,8,1.567336703107245e-4,c_m2
5,Unknown Family,0,0,c_m2
5,Veillonellaceae,34,6.661180988205792e-4,c_m2
5,Verrucomicrobiaceae,57,0.0011167274009639121,c_m2
5,Vicinamibacteraceae,0,0,c_m2
5,Weeksellaceae,50,9.795854394420282e-4,c_m2
5,Xanthobacteraceae,0,0,c_m2
5,Xanthomonadaceae,0,0,c_m2
5,Yersiniaceae,0,0,c_m2
5,env.OPS 17,0,0,c_m2
5,NA,0,0,c_m2
6,A4b,0,0,c_m2
6,Alcaligenaceae,0,0,c_m2
6,Armatimonadaceae,0,0,c_m2
6,Babeliaceae,20,3.333333333333333e-4,c_m2
6,Bacillaceae,9951,0.16585,c_m2
6,Beijerinckiaceae,46,7.666666666666667e-4,c_m2
6,Burkholderiaceae,0,0,c_m2
6,Caulobacteraceae,0,0,c_m2
6,Chitinophagaceae,190,0.0031666666666666666,c_m2
6,Chthoniobacteraceae,23,3.8333333333333334e-4,c_m2
6,Comamonadaceae,344,0.005733333333333333,c_m2
6,Corynebacteriaceae,47,7.833333333333334e-4,c_m2
6,Crocinitomicaceae,0,0,c_m2
6,Cyclobacteriaceae,0,0,c_m2
6,Cytophagaceae,146,0.0024333333333333334,c_m2
6,Desulfitobacteriaceae,0,0,c_m2
6,Devosiaceae,0,0,c_m2
6,Eggerthellaceae,0,0,c_m2
6,Enterobacteriaceae,1503,0.02505,c_m2
6,Enterococcaceae,1568,0.026133333333333335,c_m2
6,Erwiniaceae,48,8e-4,c_m2
6,Flavobacteriaceae,100,0.0016666666666666668,c_m2
6,Gemmataceae,76,0.0012666666666666666,c_m2
6,Geodermatophilaceae,0,0,c_m2
6,Hymenobacteraceae,0,0,c_m2
6,Intrasporangiaceae,0,0,c_m2
6,Isosphaeraceae,0,0,c_m2
6,KD3-93,0,0,c_m2
6,Kineosporiaceae,0,0,c_m2
6,Ktedonobacteraceae,0,0,c_m2
6,Lachnospiraceae,0,0,c_m2
6,Lactobacillaceae,43713,0.72855,c_m2
6,Legionellaceae,0,0,c_m2
6,Leptotrichiaceae,3,5e-5,c_m2
6,Methylophilaceae,46,7.666666666666667e-4,c_m2
6,Microbacteriaceae,74,0.0012333333333333332,c_m2
6,Micrococcaceae,0,0,c_m2
6,Micromonosporaceae,0,0,c_m2
6,Moraxellaceae,0,0,c_m2
6,NS11-12 marine group,18,3e-4,c_m2
6,Neisseriaceae,0,0,c_m2
6,Nitrosopumilaceae,0,0,c_m2
6,Nitrososphaeraceae,0,0,c_m2
6,Oxalobacteraceae,0,0,c_m2
6,Paenibacillaceae,0,0,c_m2
6,Pedosphaeraceae,71,0.0011833333333333333,c_m2
6,Peptoniphilus,0,0,c_m2
6,Phycisphaeraceae,0,0,c_m2
6,Pirellulaceae,0,0,c_m2
6,Planococcaceae,0,0,c_m2
6,Prevotellaceae,0,0,c_m2
6,Propionibacteriaceae,294,0.0049,c_m2
6,Pseudomonadaceae,164,0.0027333333333333333,c_m2
6,Pseudonocardiaceae,0,0,c_m2
6,Rhizobiaceae,0,0,c_m2
6,Rhodanobacteraceae,0,0,c_m2
6,Rhodocyclaceae,0,0,c_m2
6,Roseiflexaceae,0,0,c_m2
6,Rubinisphaeraceae,0,0,c_m2
6,Rubritaleaceae,221,0.003683333333333333,c_m2
6,Saccharimonadaceae,0,0,c_m2
6,Saprospiraceae,116,0.0019333333333333333,c_m2
6,Sphingobacteriaceae,59,9.833333333333332e-4,c_m2
6,Sphingomonadaceae,770,0.012833333333333334,c_m2
6,Spirosomaceae,0,0,c_m2
6,Staphylococcaceae,346,0.0057666666666666665,c_m2
6,Streptococcaceae,5,8.333333333333333e-5,c_m2
6,UBA12409,30,5e-4,c_m2
6,Unknown Family,0,0,c_m2
6,Veillonellaceae,8,1.3333333333333334e-4,c_m2
6,Verrucomicrobiaceae,0,0,c_m2
6,Vicinamibacteraceae,0,0,c_m2
6,Weeksellaceae,0,0,c_m2
6,Xanthobacteraceae,0,0,c_m2
6,Xanthomonadaceae,0,0,c_m2
6,Yersiniaceae,0,0,c_m2
6,env.OPS 17,0,0,c_m2
6,NA,0,0,c_m2
7,A4b,0,0,c_m2
7,Alcaligenaceae,0,0,c_m2
7,Armatimonadaceae,0,0,c_m2
7,Babeliaceae,0,0,c_m2
7,Bacillaceae,5381,0.08968333333333334,c_m2
7,Beijerinckiaceae,0,0,c_m2
7,Burkholderiaceae,0,0,c_m2
7,Caulobacteraceae,3,5e-5,c_m2
7,Chitinophagaceae,0,0,c_m2
7,Chthoniobacteraceae,0,0,c_m2
7,Comamonadaceae,183,0.00305,c_m2
7,Corynebacteriaceae,0,0,c_m2
7,Crocinitomicaceae,0,0,c_m2
7,Cyclobacteriaceae,0,0,c_m2
7,Cytophagaceae,0,0,c_m2
7,Desulfitobacteriaceae,0,0,c_m2
7,Devosiaceae,0,0,c_m2
7,Eggerthellaceae,0,0,c_m2
7,Enterobacteriaceae,745,0.012416666666666666,c_m2
7,Enterococcaceae,667,0.011116666666666667,c_m2
7,Erwiniaceae,425,0.007083333333333333,c_m2
7,Flavobacteriaceae,0,0,c_m2
7,Gemmataceae,53,8.833333333333333e-4,c_m2
7,Geodermatophilaceae,0,0,c_m2
7,Hymenobacteraceae,280,0.004666666666666667,c_m2
7,Intrasporangiaceae,0,0,c_m2
7,Isosphaeraceae,0,0,c_m2
7,KD3-93,0,0,c_m2
7,Kineosporiaceae,37,6.166666666666666e-4,c_m2
7,Ktedonobacteraceae,0,0,c_m2
7,Lachnospiraceae,0,0,c_m2
7,Lactobacillaceae,50245,0.8374166666666667,c_m2
7,Legionellaceae,0,0,c_m2
7,Leptotrichiaceae,585,0.00975,c_m2
7,Methylophilaceae,0,0,c_m2
7,Microbacteriaceae,26,4.333333333333333e-4,c_m2
7,Micrococcaceae,0,0,c_m2
7,Micromonosporaceae,215,0.0035833333333333333,c_m2
7,Moraxellaceae,0,0,c_m2
7,NS11-12 marine group,90,0.0015,c_m2
7,Neisseriaceae,0,0,c_m2
7,Nitrosopumilaceae,0,0,c_m2
7,Nitrososphaeraceae,31,5.166666666666667e-4,c_m2
7,Oxalobacteraceae,68,0.0011333333333333334,c_m2
7,Paenibacillaceae,507,0.00845,c_m2
7,Pedosphaeraceae,0,0,c_m2
7,Peptoniphilus,0,0,c_m2
7,Phycisphaeraceae,0,0,c_m2
7,Pirellulaceae,0,0,c_m2
7,Planococcaceae,0,0,c_m2
7,Prevotellaceae,0,0,c_m2
7,Propionibacteriaceae,33,5.5e-4,c_m2
7,Pseudomonadaceae,26,4.333333333333333e-4,c_m2
7,Pseudonocardiaceae,0,0,c_m2
7,Rhizobiaceae,0,0,c_m2
7,Rhodanobacteraceae,0,0,c_m2
7,Rhodocyclaceae,0,0,c_m2
7,Roseiflexaceae,148,0.0024666666666666665,c_m2
7,Rubinisphaeraceae,13,2.1666666666666666e-4,c_m2
7,Rubritaleaceae,33,5.5e-4,c_m2
7,Saccharimonadaceae,0,0,c_m2
7,Saprospiraceae,0,0,c_m2
7,Sphingobacteriaceae,0,0,c_m2
7,Sphingomonadaceae,153,0.00255,c_m2
7,Spirosomaceae,0,0,c_m2
7,Staphylococcaceae,0,0,c_m2
7,Streptococcaceae,0,0,c_m2
7,UBA12409,0,0,c_m2
7,Unknown Family,0,0,c_m2
7,Veillonellaceae,0,0,c_m2
7,Verrucomicrobiaceae,0,0,c_m2
7,Vicinamibacteraceae,22,3.6666666666666667e-4,c_m2
7,Weeksellaceae,0,0,c_m2
7,Xanthobacteraceae,0,0,c_m2
7,Xanthomonadaceae,20,3.333333333333333e-4,c_m2
7,Yersiniaceae,0,0,c_m2
7,env.OPS 17,11,1.8333333333333334e-4,c_m2
7,NA,0,0,c_m2
8,A4b,0,0,c_m2
8,Alcaligenaceae,14,3.423652548175682e-4,c_m2
8,Armatimonadaceae,0,0,c_m2
8,Babeliaceae,0,0,c_m2
8,Bacillaceae,3234,0.07908637386285826,c_m2
8,Beijerinckiaceae,46,0.0011249144086862956,c_m2
8,Burkholderiaceae,0,0,c_m2
8,Caulobacteraceae,0,0,c_m2
8,Chitinophagaceae,0,0,c_m2
8,Chthoniobacteraceae,0,0,c_m2
8,Comamonadaceae,385,0.009415044507483126,c_m2
8,Corynebacteriaceae,72,0.0017607355962046367,c_m2
8,Crocinitomicaceae,0,0,c_m2
8,Cyclobacteriaceae,0,0,c_m2
8,Cytophagaceae,0,0,c_m2
8,Desulfitobacteriaceae,0,0,c_m2
8,Devosiaceae,0,0,c_m2
8,Eggerthellaceae,0,0,c_m2
8,Enterobacteriaceae,1112,0.027193583096938277,c_m2
8,Enterococcaceae,704,0.017216081385112002,c_m2
8,Erwiniaceae,307,0.0075075809449281035,c_m2
8,Flavobacteriaceae,0,0,c_m2
8,Gemmataceae,0,0,c_m2
8,Geodermatophilaceae,0,0,c_m2
8,Hymenobacteraceae,0,0,c_m2
8,Intrasporangiaceae,0,0,c_m2
8,Isosphaeraceae,0,0,c_m2
8,KD3-93,0,0,c_m2
8,Kineosporiaceae,0,0,c_m2
8,Ktedonobacteraceae,0,0,c_m2
8,Lachnospiraceae,0,0,c_m2
8,Lactobacillaceae,33931,0.8297711043724934,c_m2
8,Legionellaceae,0,0,c_m2
8,Leptotrichiaceae,0,0,c_m2
8,Methylophilaceae,0,0,c_m2
8,Microbacteriaceae,52,0.001271642375036682,c_m2
8,Micrococcaceae,0,0,c_m2
8,Micromonosporaceae,0,0,c_m2
8,Moraxellaceae,0,0,c_m2
8,NS11-12 marine group,0,0,c_m2
8,Neisseriaceae,61,0.0014917343245622616,c_m2
8,Nitrosopumilaceae,0,0,c_m2
8,Nitrososphaeraceae,0,0,c_m2
8,Oxalobacteraceae,0,0,c_m2
8,Paenibacillaceae,34,8.314584759855228e-4,c_m2
8,Pedosphaeraceae,0,0,c_m2
8,Peptoniphilus,0,0,c_m2
8,Phycisphaeraceae,0,0,c_m2
8,Pirellulaceae,73,0.0017851902572630343,c_m2
8,Planococcaceae,0,0,c_m2
8,Prevotellaceae,0,0,c_m2
8,Propionibacteriaceae,116,0.0028367406827741366,c_m2
8,Pseudomonadaceae,45,0.0011004597476278978,c_m2
8,Pseudonocardiaceae,0,0,c_m2
8,Rhizobiaceae,30,7.336398317519319e-4,c_m2
8,Rhodanobacteraceae,0,0,c_m2
8,Rhodocyclaceae,0,0,c_m2
8,Roseiflexaceae,0,0,c_m2
8,Rubinisphaeraceae,0,0,c_m2
8,Rubritaleaceae,0,0,c_m2
8,Saccharimonadaceae,0,0,c_m2
8,Saprospiraceae,0,0,c_m2
8,Sphingobacteriaceae,0,0,c_m2
8,Sphingomonadaceae,176,0.004304020346278001,c_m2
8,Spirosomaceae,0,0,c_m2
8,Staphylococcaceae,70,0.0017118262740878412,c_m2
8,Streptococcaceae,43,0.0010515504255111023,c_m2
8,UBA12409,0,0,c_m2
8,Unknown Family,0,0,c_m2
8,Veillonellaceae,113,0.0027633766995989436,c_m2
8,Verrucomicrobiaceae,189,0.004621930940037171,c_m2
8,Vicinamibacteraceae,0,0,c_m2
8,Weeksellaceae,0,0,c_m2
8,Xanthobacteraceae,0,0,c_m2
8,Xanthomonadaceae,72,0.0017607355962046367,c_m2
8,Yersiniaceae,0,0,c_m2
8,env.OPS 17,13,3.179105937591705e-4,c_m2
8,NA,0,0,c_m2
9,A4b,123,0.0022561769723205604,c_m2
9,Alcaligenaceae,0,0,c_m2
9,Armatimonadaceae,24,4.402296531357191e-4,c_m2
9,Babeliaceae,0,0,c_m2
9,Bacillaceae,6503,0.1192838930975659,c_m2
9,Beijerinckiaceae,0,0,c_m2
9,Burkholderiaceae,0,0,c_m2
9,Caulobacteraceae,0,0,c_m2
9,Chitinophagaceae,22,4.0354384870774256e-4,c_m2
9,Chthoniobacteraceae,70,0.0012840031549791809,c_m2
9,Comamonadaceae,8,1.4674321771190638e-4,c_m2
9,Corynebacteriaceae,21,3.8520094649375423e-4,c_m2
9,Crocinitomicaceae,0,0,c_m2
9,Cyclobacteriaceae,0,0,c_m2
9,Cytophagaceae,0,0,c_m2
9,Desulfitobacteriaceae,0,0,c_m2
9,Devosiaceae,11,2.0177192435387128e-4,c_m2
9,Eggerthellaceae,0,0,c_m2
9,Enterobacteriaceae,925,0.016967184547939176,c_m2
9,Enterococcaceae,1718,0.03151310600363189,c_m2
9,Erwiniaceae,252,0.004622411357925051,c_m2
9,Flavobacteriaceae,87,0.0015958324926169819,c_m2
9,Gemmataceae,0,0,c_m2
9,Geodermatophilaceae,0,0,c_m2
9,Hymenobacteraceae,0,0,c_m2
9,Intrasporangiaceae,0,0,c_m2
9,Isosphaeraceae,0,0,c_m2
9,KD3-93,0,0,c_m2
9,Kineosporiaceae,0,0,c_m2
9,Ktedonobacteraceae,0,0,c_m2
9,Lachnospiraceae,0,0,c_m2
9,Lactobacillaceae,43085,0.7903039418896858,c_m2
9,Legionellaceae,0,0,c_m2
9,Leptotrichiaceae,0,0,c_m2
9,Methylophilaceae,0,0,c_m2
9,Microbacteriaceae,168,0.003081607571950034,c_m2
9,Micrococcaceae,26,4.769154575636957e-4,c_m2
9,Micromonosporaceae,0,0,c_m2
9,Moraxellaceae,0,0,c_m2
9,NS11-12 marine group,0,0,c_m2
9,Neisseriaceae,77,0.001412403470477099,c_m2
9,Nitrosopumilaceae,0,0,c_m2
9,Nitrososphaeraceae,0,0,c_m2
9,Oxalobacteraceae,48,8.804593062714382e-4,c_m2
9,Paenibacillaceae,194,0.0035585230295137296,c_m2
9,Pedosphaeraceae,156,0.002861492745382174,c_m2
9,Peptoniphilus,0,0,c_m2
9,Phycisphaeraceae,137,0.002512977603316397,c_m2
9,Pirellulaceae,0,0,c_m2
9,Planococcaceae,0,0,c_m2
9,Prevotellaceae,80,0.0014674321771190638,c_m2
9,Propionibacteriaceae,12,2.2011482656785955e-4,c_m2
9,Pseudomonadaceae,214,0.003925381073793496,c_m2
9,Pseudonocardiaceae,0,0,c_m2
9,Rhizobiaceae,324,0.005943100317332208,c_m2
9,Rhodanobacteraceae,0,0,c_m2
9,Rhodocyclaceae,0,0,c_m2
9,Roseiflexaceae,0,0,c_m2
9,Rubinisphaeraceae,0,0,c_m2
9,Rubritaleaceae,0,0,c_m2
9,Saccharimonadaceae,68,0.0012473173505512041,c_m2
9,Saprospiraceae,0,0,c_m2
9,Sphingobacteriaceae,26,4.769154575636957e-4,c_m2
9,Sphingomonadaceae,30,5.50287066419649e-4,c_m2
9,Spirosomaceae,0,0,c_m2
9,Staphylococcaceae,0,0,c_m2
9,Streptococcaceae,0,0,c_m2
9,UBA12409,0,0,c_m2
9,Unknown Family,0,0,c_m2
9,Veillonellaceae,47,8.621164040574499e-4,c_m2
9,Verrucomicrobiaceae,0,0,c_m2
9,Vicinamibacteraceae,0,0,c_m2
9,Weeksellaceae,2,3.6685804427976595e-5,c_m2
9,Xanthobacteraceae,59,0.0010822312306253096,c_m2
9,Xanthomonadaceae,0,0,c_m2
9,Yersiniaceae,0,0,c_m2
9,env.OPS 17,0,0,c_m2
9,NA,0,0,c_m2
10,A4b,92,0.0015813809581105935,c_m2
10,Alcaligenaceae,57,9.79768637090259e-4,c_m2
10,Armatimonadaceae,0,0,c_m2
10,Babeliaceae,0,0,c_m2
10,Bacillaceae,6181,0.10624473589219108,c_m2
10,Beijerinckiaceae,0,0,c_m2
10,Burkholderiaceae,5,8.594461728861922e-5,c_m2
10,Caulobacteraceae,0,0,c_m2
10,Chitinophagaceae,0,0,c_m2
10,Chthoniobacteraceae,61,0.0010485243309211543,c_m2
10,Comamonadaceae,546,0.009385152207917219,c_m2
10,Corynebacteriaceae,0,0,c_m2
10,Crocinitomicaceae,0,0,c_m2
10,Cyclobacteriaceae,68,0.0011688467951252214,c_m2
10,Cytophagaceae,0,0,c_m2
10,Desulfitobacteriaceae,0,0,c_m2
10,Devosiaceae,0,0,c_m2
10,Eggerthellaceae,0,0,c_m2
10,Enterobacteriaceae,1109,0.019062516114615742,c_m2
10,Enterococcaceae,1460,0.02509582824827681,c_m2
10,Erwiniaceae,648,0.01113842240060505,c_m2
10,Flavobacteriaceae,0,0,c_m2
10,Gemmataceae,0,0,c_m2
10,Geodermatophilaceae,18,3.0940062223902917e-4,c_m2
10,Hymenobacteraceae,0,0,c_m2
10,Intrasporangiaceae,0,0,c_m2
10,Isosphaeraceae,0,0,c_m2
10,KD3-93,0,0,c_m2
10,Kineosporiaceae,0,0,c_m2
10,Ktedonobacteraceae,0,0,c_m2
10,Lachnospiraceae,0,0,c_m2
10,Lactobacillaceae,46547,0.8000928201866717,c_m2
10,Legionellaceae,32,5.500455506471629e-4,c_m2
10,Leptotrichiaceae,0,0,c_m2
10,Methylophilaceae,0,0,c_m2
10,Microbacteriaceae,9,1.5470031111951458e-4,c_m2
10,Micrococcaceae,211,0.003626862849579731,c_m2
10,Micromonosporaceae,0,0,c_m2
10,Moraxellaceae,14,2.406449284081338e-4,c_m2
10,NS11-12 marine group,0,0,c_m2
10,Neisseriaceae,17,2.9221169878130535e-4,c_m2
10,Nitrosopumilaceae,0,0,c_m2
10,Nitrososphaeraceae,0,0,c_m2
10,Oxalobacteraceae,0,0,c_m2
10,Paenibacillaceae,4,6.875569383089537e-5,c_m2
10,Pedosphaeraceae,2,3.4377846915447684e-5,c_m2
10,Peptoniphilus,0,0,c_m2
10,Phycisphaeraceae,0,0,c_m2
10,Pirellulaceae,0,0,c_m2
10,Planococcaceae,0,0,c_m2
10,Prevotellaceae,0,0,c_m2
10,Propionibacteriaceae,115,0.001976726197638242,c_m2
10,Pseudomonadaceae,89,0.001529814187737422,c_m2
10,Pseudonocardiaceae,61,0.0010485243309211543,c_m2
10,Rhizobiaceae,29,4.984787802739915e-4,c_m2
10,Rhodanobacteraceae,0,0,c_m2
10,Rhodocyclaceae,0,0,c_m2
10,Roseiflexaceae,14,2.406449284081338e-4,c_m2
10,Rubinisphaeraceae,15,2.5783385186585765e-4,c_m2
10,Rubritaleaceae,0,0,c_m2
10,Saccharimonadaceae,0,0,c_m2
10,Saprospiraceae,0,0,c_m2
10,Sphingobacteriaceae,5,8.594461728861922e-5,c_m2
10,Sphingomonadaceae,205,0.003523729308833388,c_m2
10,Spirosomaceae,23,3.953452395276484e-4,c_m2
10,Staphylococcaceae,47,8.078794025130206e-4,c_m2
10,Streptococcaceae,43,7.391237086821252e-4,c_m2
10,UBA12409,0,0,c_m2
10,Unknown Family,0,0,c_m2
10,Veillonellaceae,6,1.0313354074634305e-4,c_m2
10,Verrucomicrobiaceae,0,0,c_m2
10,Vicinamibacteraceae,0,0,c_m2
10,Weeksellaceae,57,9.79768637090259e-4,c_m2
10,Xanthobacteraceae,20,3.4377846915447687e-4,c_m2
10,Xanthomonadaceae,230,0.003953452395276484,c_m2
10,Yersiniaceae,137,0.0023548825137081663,c_m2
10,env.OPS 17,0,0,c_m2
10,NA,0,0,c_m2
