time,window,effector_j,target_i,strength
3,1,C1,C1,-7.780770742829983e-4
3,1,C2,C1,-5.327667873914858e-4
3,1,C3,C1,-0.0026788766577759402
3,1,C4,C1,-9.11290430824372e-4
3,1,C5,C1,-4.04199852597675e-5
3,1,C6,C1,-2.7296240748963445e-4
3,1,C7,C1,0.0019737853030450296
3,1,Enterobacteriaceae,C1,2.4345317694289613e-6
3,1,Lactobacillaceae,C1,3.750612212048676e-5
3,1,Paenibacillaceae,C1,-0.0036891456198038255
3,1,C1,C2,1.1084787296447595e-4
3,1,C2,C2,1.0045561728730337e-4
3,1,C3,C2,4.2439457400378285e-4
3,1,C4,C2,1.234243728770579e-4
3,1,C5,C2,3.881002700779499e-6
3,1,C6,C2,7.302088645893579e-5
3,1,C7,C2,6.944555049036679e-6
3,1,Enterobacteriaceae,C2,-4.2735279738032103e-7
3,1,Lactobacillaceae,C2,-6.5837490429774514e-6
3,1,Paenibacillaceae,C2,6.475851826473902e-4
3,1,C1,C3,-0.0015544825954607552
3,1,C2,C3,-0.0010202159619659798
3,1,C3,C3,-0.005275092702180396
3,1,C4,C3,-0.0018321389456232727
3,1,C5,C3,-8.413036333639016e-5
3,1,C6,C3,-4.8393546685652176e-4
3,1,C7,C3,0.004461661100096346
3,1,Enterobacteriaceae,C3,4.718986026618019e-6
3,1,Lactobacillaceae,C3,7.270016699791267e-5
3,1,Paenibacillaceae,C3,-0.007150872643611769
3,1,C1,C4,-0.001004641996237353
3,1,C2,C4,-6.668685887908232e-4
3,1,C3,C4,-0.003422309946339283
3,1,C4,C4,-0.0011821282452788898
3,1,C5,C4,-5.3797718117432374e-5
3,1,C6,C4,-3.232091671930854e-4
3,1,C7,C4,0.002795317987138766
3,1,Enterobacteriaceae,C4,3.0744659442403834e-6
3,1,Lactobacillaceae,C4,4.7364875910822974e-5
3,1,Paenibacillaceae,C4,-0.004658864063248939
3,1,C1,C5,-9.532908263527161e-5
3,1,C2,C5,-6.92527695959781e-5
3,1,C3,C5,-3.351399345370791e-4
3,1,C4,C5,-1.1061295759431608e-4
3,1,C5,C5,-4.648010775642547e-6
3,1,C6,C5,-3.897379598268165e-5
3,1,C7,C5,1.9513807973878516e-4
3,1,Enterobacteriaceae,C5,3.1132283185464646e-7
3,1,Lactobacillaceae,C5,4.796204468169523e-6
3,1,Paenibacillaceae,C5,-4.717602275327407e-4
3,1,C1,C6,4.954198849299593e-4
3,1,C2,C6,3.2681942983635624e-4
3,1,C3,C6,0.0016841051581162828
3,1,C4,C6,5.834740738674063e-4
3,1,C5,C6,2.6684818218557646e-5
3,1,C6,C6,1.5655702628761302e-4
3,1,C7,C6,-0.0014023243875332446
3,1,Enterobacteriaceae,C6,-1.509444126073317e-6
3,1,Lactobacillaceae,C6,-2.3254326124418284e-5
3,1,Paenibacillaceae,C6,0.0022873224559924873
3,1,C1,C7,0.008663327597796413
3,1,C2,C7,0.005902167327334535
3,1,C3,C7,0.029775467270990272
3,1,C4,C7,0.01015433295340878
3,1,C5,C7,4.523262886096222e-4
3,1,C6,C7,0.002997806424056891
3,1,C7,C7,-0.022326435023521288
3,1,Enterobacteriaceae,C7,-2.700901739558331e-5
3,1,Lactobacillaceae,C7,-4.160978786613695e-4
3,1,Paenibacillaceae,C7,0.04092786936335313
3,1,C1,Enterobacteriaceae,3.192994638061962e-6
3,1,C2,Enterobacteriaceae,3.4013180609155658e-6
3,1,C3,Enterobacteriaceae,1.3108632531084851e-5
3,1,C4,Enterobacteriaceae,3.4229135734081834e-6
3,1,C5,Enterobacteriaceae,7.297907155581411e-8
3,1,C6,Enterobacteriaceae,2.8090756611452382e-6
3,1,C7,Enterobacteriaceae,6.1571373251505996e-6
3,1,Enterobacteriaceae,Enterobacteriaceae,-1.4159497669051161e-8
3,1,Lactobacillaceae,Enterobacteriaceae,-2.181396256187191e-7
3,1,Paenibacillaceae,Enterobacteriaceae,2.1456466274274687e-5
3,1,C1,Lactobacillaceae,-2.1461232875304373e-4
3,1,C2,Lactobacillaceae,-2.2545623923311183e-4
3,1,C3,Lactobacillaceae,-8.755785011222352e-4
3,1,C4,Lactobacillaceae,-2.308893288617165e-4
3,1,C5,Lactobacillaceae,-5.146639585392629e-6
3,1,C6,Lactobacillaceae,-1.8441767584743607e-4
3,1,C7,Lactobacillaceae,-3.7678369870347523e-4
3,1,Enterobacteriaceae,Lactobacillaceae,9.260844942445791e-7
3,1,Lactobacillaceae,Lactobacillaceae,1.4267153368537606e-5
3,1,Paenibacillaceae,Lactobacillaceae,-0.0014033337327579848
3,1,C1,Paenibacillaceae,-0.0010214031588759306
3,1,C2,Paenibacillaceae,-0.0011337412190663243
3,1,C3,Paenibacillaceae,-0.004272864475603488
3,1,C4,Paenibacillaceae,-0.001083038346935266
3,1,C5,Paenibacillaceae,-1.9851390613604386e-5
3,1,C6,Paenibacillaceae,-9.621141010107501e-4
3,1,C7,Paenibacillaceae,-0.002505820586985853
3,1,Enterobacteriaceae,Paenibacillaceae,4.900240114280543e-6
3,1,Lactobacillaceae,Paenibacillaceae,7.549254704900538e-5
3,1,Paenibacillaceae,Paenibacillaceae,-0.007425534380200502
4,2,C1,C1,-4.517351521685666e-4
4,2,C2,C1,-0.0026555415255177742
4,2,C3,C1,-0.005729744015312147
4,2,C4,C1,-0.0016473994733758647
4,2,C5,C1,2.8842874129357527e-4
4,2,C6,C1,-4.8509330017279946e-4
4,2,C7,C1,-0.006335325539432606
4,2,Enterobacteriaceae,C1,1.993831594794394e-6
4,2,Lactobacillaceae,C1,1.833925780445126e-4
4,2,Paenibacillaceae,C1,-0.005230460933453897
4,2,C1,C2,0.006541733409139633
4,2,C2,C2,-0.007063331680186443
4,2,C3,C2,0.0021780992924867394
4,2,C4,C2,0.0058659151362512076
4,2,C5,C2,0.001590375244844162
4,2,C6,C2,-0.005598695277414047
4,2,C7,C2,-0.09634975453757888
4,2,Enterobacteriaceae,C2,-6.74607038665703e-4
4,2,Lactobacillaceae,C2,0.05363171231499296
4,2,Paenibacillaceae,C2,0.09586221526246287
4,2,C1,C3,0.010898374962467403
4,2,C2,C3,-0.018852890142049838
4,2,C3,C3,-0.008946437789645038
4,2,C4,C3,0.007005106613884692
4,2,C5,C3,0.00354472357005815
4,2,C6,C3,-0.011348373771236616
4,2,C7,C3,-0.19017848682117158
4,2,Enterobacteriaceae,C3,-0.0012261978671978995
4,2,Lactobacillaceae,C3,0.09826005045882795
4,2,Paenibacillaceae,C3,0.163008285814682
4,2,C1,C4,0.0050567591027683954
4,2,C2,C4,-0.009902177638062915
4,2,C3,C4,-0.006200197466862347
4,2,C4,C4,0.0027991078231815506
4,2,C5,C4,0.0017906154723433586
4,2,C6,C4,-0.005594441537322442
4,2,C7,C4,-0.09307166514269688
4,2,Enterobacteriaceae,C4,-5.856043866946615e-4
4,2,Lactobacillaceae,C4,0.047042713983054145
4,2,Paenibacillaceae,C4,0.07617156745600086
4,2,C1,C5,-0.0010922548750179962
4,2,C2,C5,8.667785029393242e-4
4,2,C3,C5,-9.183292282228852e-4
4,2,C4,C5,-0.0011001415397772208
4,2,C5,C5,-2.2615405926174417e-4
4,2,C6,C5,8.433494898161979e-4
4,2,C7,C5,0.01476309678158555
4,2,Enterobacteriaceae,C5,1.0804996660375344e-4
4,2,Lactobacillaceae,C5,-0.00855555459341096
4,2,Paenibacillaceae,C5,-0.015853042300292986
4,2,C1,C6,-0.0030673105809902674
4,2,C2,C6,0.005539606158348052
4,2,C3,C6,0.002931980673952465
4,2,C4,C6,-0.0018883094410760107
4,2,C5,C6,-0.0010265449526291669
4,2,C6,C6,0.0032740625316674196
4,2,C7,C6,0.05459485249234643
4,2,Enterobacteriaceae,C6,3.4891501840644086e-4
4,2,Lactobacillaceae,C6,-0.02798450379842044
4,2,Paenibacillaceae,C6,-0.046028504261218135
4,2,C1,C7,-0.0032402855394773633
4,2,C2,C7,0.039040954194188904
4,2,C3,C7,0.06200389466796083
4,2,C4,C7,0.011051353381472005
4,2,C5,C7,-0.005283974199453749
4,2,C6,C7,0.012783541309078543
4,2,C7,C7,0.19564190720100708
4,2,Enterobacteriaceae,C7,8.432914231109035e-4
4,2,Lactobacillaceae,C7,-0.07092410410291672
4,2,Paenibacillaceae,C7,-0.06366411006794406
4,2,C1,Enterobacteriaceae,-1.0704179076026179e-4
4,2,C2,Enterobacteriaceae,3.3246101003924037e-4
4,2,C3,Enterobacteriaceae,3.5000354736142793e-4
4,2,C4,Enterobacteriaceae,2.7565922472846314e-6
4,2,C5,Enterobacteriaceae,-5.4499457783438315e-5
4,2,C6,Enterobacteriaceae,1.2967010694613166e-4
4,2,C7,Enterobacteriaceae,0.0023218712938073353
4,2,Enterobacteriaceae,Enterobacteriaceae,1.1749230969153109e-5
4,2,Lactobacillaceae,Enterobacteriaceae,-9.543710263668889e-4
4,2,Paenibacillaceae,Enterobacteriaceae,-0.0013758571806874427
4,2,C1,Lactobacillaceae,0.00715920624021822
4,2,C2,Lactobacillaceae,-0.02467510846730513
4,2,C3,Lactobacillaceae,-0.027761764061128357
4,2,C4,Lactobacillaceae,-0.0015902676117436167
4,2,C5,Lactobacillaceae,0.003987953494551319
4,2,C6,Lactobacillaceae,-0.008599655473830983
4,2,C7,Lactobacillaceae,-0.16025181577184405
4,2,Enterobacteriaceae,Lactobacillaceae,-7.76678919016245e-4
4,2,Lactobacillaceae,Lactobacillaceae,0.06327813261627517
4,2,Paenibacillaceae,Lactobacillaceae,0.08820485434986572
4,2,C1,Paenibacillaceae,0.014886926202491465
4,2,C2,Paenibacillaceae,-0.051176440096362984
4,2,C3,Paenibacillaceae,-0.057466879711978586
4,2,C4,Paenibacillaceae,-0.0027769400956872544
4,2,C5,Paenibacillaceae,0.008239155768623834
4,2,C6,Paenibacillaceae,-0.018654828947683534
4,2,C7,Paenibacillaceae,-0.3382094709954923
4,2,Enterobacteriaceae,Paenibacillaceae,-0.001657020829203098
4,2,Lactobacillaceae,Paenibacillaceae,0.1350326508447291
4,2,Paenibacillaceae,Paenibacillaceae,0.18773843193403197
5,3,C1,C1,0.006490560156995635
5,3,C2,C1,-0.04586513154454225
5,3,C3,C1,-0.07464026598246873
5,3,C4,C1,-0.03902325876978782
5,3,C5,C1,0.007897615669963894
5,3,C6,C1,0.03046544802057767
5,3,C7,C1,0.056693631424720815
5,3,Enterobacteriaceae,C1,0.0017961300352249102
5,3,Lactobacillaceae,C1,-0.07500155465962789
5,3,Paenibacillaceae,C1,-0.12190959792998601
5,3,C1,C2,-0.038159604666604466
5,3,C2,C2,0.23441786665379877
5,3,C3,C2,0.3662843884870654
5,3,C4,C2,0.19178720899497725
5,3,C5,C2,-0.04135150979377593
5,3,C6,C2,-0.15314403621319017
5,3,C7,C2,-0.24426816453789288
5,3,Enterobacteriaceae,C2,-0.009355627133634631
5,3,Lactobacillaceae,C2,0.3692034350225694
5,3,Paenibacillaceae,C2,0.5778378375294398
5,3,C1,C3,-0.03710034749467615
5,3,C2,C3,0.24953799973467142
5,3,C3,C3,0.40100220318242774
5,3,C4,C3,0.21712111201219725
5,3,C5,C3,-0.04390541925996349
5,3,C6,C3,-0.1776654228226715
5,3,C7,C3,-0.379847710576409
5,3,Enterobacteriaceae,C3,-0.01088388852699914
5,3,Lactobacillaceae,C3,0.45851178908320817
5,3,Paenibacillaceae,C3,0.7199856973648562
5,3,C1,C4,-0.013079136620289429
5,3,C2,C4,0.09356668656285073
5,3,C3,C4,0.15297658731793304
5,3,C4,C4,0.08451563062472615
5,3,C5,C4,-0.016439971606734896
5,3,C6,C4,-0.07014981977543411
5,3,C7,C4,-0.17124277678222147
5,3,Enterobacteriaceae,C4,-0.004305564171642295
5,3,Lactobacillaceae,C4,0.18771713080465435
5,3,Paenibacillaceae,C4,0.2951585138401252
5,3,C1,C5,0.0082181916282835
5,3,C2,C5,-0.04817084943026225
5,3,C3,C5,-0.07409852700116541
5,3,C4,C5,-0.03821272045417304
5,3,C5,C5,0.00852299244840371
5,3,C6,C5,0.03022015583427358
5,3,C7,C5,0.039532949055250614
5,3,Enterobacteriaceae,C5,0.001849323026743134
5,3,Lactobacillaceae,C5,-0.07022623976362022
5,3,Paenibacillaceae,C5,-0.10932217222634841
5,3,C1,C6,0.005257109716665951
5,3,C2,C6,-0.047601628445398884
5,3,C3,C6,-0.08218172845321868
5,3,C4,C6,-0.04698237574996577
5,3,C5,C6,0.008228108369762134
5,3,C6,C6,0.03952646503871478
5,3,C7,C6,0.12117318348534688
5,3,Enterobacteriaceae,C6,0.002396027949158715
5,3,Lactobacillaceae,C6,-0.11294725983146102
5,3,Paenibacillaceae,C6,-0.18056486665843302
5,3,C1,C7,-0.07346723824552599
5,3,C2,C7,0.42272831791104676
5,3,C3,C7,0.6453445771354163
5,3,C4,C7,0.3179786542159498
5,3,C5,C7,-0.07389163169393956
5,3,C6,C7,-0.2385747201419974
5,3,C7,C7,-0.1574830164998678
5,3,Enterobacteriaceae,C7,-0.014158440008401135
5,3,Lactobacillaceae,C7,0.5003297537678411
5,3,Paenibacillaceae,C7,0.7997500347616575
5,3,C1,Enterobacteriaceae,5.714814216513176e-4
5,3,C2,Enterobacteriaceae,-0.003701662604528938
5,3,C3,Enterobacteriaceae,-0.005984985570560934
5,3,C4,Enterobacteriaceae,-0.0032863339228649978
5,3,C5,Enterobacteriaceae,6.498742551086572e-4
5,3,C6,Enterobacteriaceae,0.0027418740787996856
5,3,C7,Enterobacteriaceae,0.006138752234678268
5,3,Enterobacteriaceae,Enterobacteriaceae,1.619031059317269e-4
5,3,Lactobacillaceae,Enterobacteriaceae,-0.0068739687883791825
5,3,Paenibacillaceae,Enterobacteriaceae,-0.010694445833855409
5,3,C1,Lactobacillaceae,0.0057828128116169985
5,3,C2,Lactobacillaceae,-0.015480218089827308
5,3,C3,Lactobacillaceae,-0.011461633842858022
5,3,C4,Lactobacillaceae,0.00450846996237617
5,3,C5,Lactobacillaceae,0.0027386132506673497
5,3,C6,Lactobacillaceae,-0.011095495664703985
5,3,C7,Lactobacillaceae,-0.14472965133722115
5,3,Enterobacteriaceae,Lactobacillaceae,-7.324699319194415e-4
5,3,Lactobacillaceae,Lactobacillaceae,0.06087827778003407
5,3,Paenibacillaceae,Lactobacillaceae,0.09147773692398155
5,3,C1,Paenibacillaceae,0.015237225221616907
5,3,C2,Paenibacillaceae,-0.05840654062911497
5,3,C3,Paenibacillaceae,-0.07024464341356419
5,3,C4,Paenibacillaceae,-0.016676250806158196
5,3,C5,Paenibacillaceae,0.01005512427488771
5,3,C6,Paenibacillaceae,-0.001406603804379741
5,3,C7,Paenibacillaceae,-0.23896466701648947
5,3,Enterobacteriaceae,Paenibacillaceae,-3.3010490748488206e-4
5,3,Lactobacillaceae,Paenibacillaceae,0.07037114266577545
5,3,Paenibacillaceae,Paenibacillaceae,0.09856721766919455
6,4,C1,C1,-0.007177386654992439
6,4,C2,C1,0.11300902788623148
6,4,C3,C1,0.10515891464953965
6,4,C4,C1,0.04129825443703832
6,4,C5,C1,-0.02540310690356582
6,4,C6,C1,-0.013771488050477964
6,4,C7,C1,0.11502273626794357
6,4,Enterobacteriaceae,C1,-0.003088725663692131
6,4,Lactobacillaceae,C1,-0.007541305278415463
6,4,Paenibacillaceae,C1,0.03347265765348009
6,4,C1,C2,-0.031154927936887903
6,4,C2,C2,0.14002159668301462
6,4,C3,C2,0.2445771424001021
6,4,C4,C2,0.1316984036924074
6,4,C5,C2,-0.022327479658637545
6,4,C6,C2,-0.1135391403337918
6,4,C7,C2,-0.1940116865666061
6,4,Enterobacteriaceae,C2,-0.005731531192273203
6,4,Lactobacillaceae,C2,0.27870850394186425
6,4,Paenibacillaceae,C2,0.403418048840115
6,4,C1,C3,-0.009827438994393646
6,4,C2,C3,-0.1046336327782362
6,4,C3,C3,-0.008496411534009403
6,4,C4,C3,0.028562634296303537
6,4,C5,C3,0.030279345562191518
6,4,C6,C3,-0.06885230037613002
6,4,C7,C3,-0.4210480620030277
6,4,Enterobacteriaceae,C3,8.51442616170299e-4
6,4,Lactobacillaceae,C3,0.26189042837946974
6,4,Paenibacillaceae,C3,0.2929785183628826
6,4,C1,C4,9.152108790502258e-4
6,4,C2,C4,-0.10139687259118806
6,4,C3,C4,-0.0672543571920484
6,4,C4,C4,-0.015620425597682107
6,4,C5,C4,0.024840057764014867
6,4,C6,C4,-0.014590782377640719
6,4,C7,C4,-0.20895439688613276
6,4,Enterobacteriaceae,C4,0.002071036439123657
6,4,Lactobacillaceae,C4,0.09231380088767628
6,4,Paenibacillaceae,C4,0.07628047101665732
6,4,C1,C5,0.008494037753830038
6,4,C2,C5,-0.0669284572864708
6,4,C3,C5,-0.08882031876759777
6,4,C4,C5,-0.04312827996315212
6,4,C5,C5,0.01301756588617944
6,4,C6,C5,0.030006112503467307
6,4,C7,C5,0.0143685123338705
6,4,Enterobacteriaceae,C5,0.0023281379005808465
6,4,Lactobacillaceae,C5,-0.06226980746986496
6,4,Paenibacillaceae,C5,-0.10787048068554725
6,4,C1,C6,-0.014643186392769523
6,4,C2,C6,0.185850837781566
6,4,C3,C6,0.18137345241388717
6,4,C4,C6,0.07130354123570451
6,4,C5,C6,-0.040812359033193746
6,4,C6,C6,-0.026112178747650244
6,4,C7,C6,0.20013272370733512
6,4,Enterobacteriaceae,C6,-0.004853097348343569
6,4,Lactobacillaceae,C6,-0.010106677135404018
6,4,Paenibacillaceae,C6,0.052591003375009764
6,4,C1,C7,-0.05343515674116708
6,4,C2,C7,0.22173286824627128
6,4,C3,C7,0.3897812364702376
6,4,C4,C7,0.19842719295715272
6,4,C5,C7,-0.034016660665196506
6,4,C6,C7,-0.16385626357320152
6,4,C7,C7,-0.15807710083540424
6,4,Enterobacteriaceae,C7,-0.007539250703795237
6,4,Lactobacillaceae,C7,0.35966060583063636
6,4,Paenibacillaceae,C7,0.5201897676756846
6,4,C1,Enterobacteriaceae,8.036671537685812e-4
6,4,C2,Enterobacteriaceae,-0.005413429812904798
6,4,C3,Enterobacteriaceae,-0.007632085808492456
6,4,C4,Enterobacteriaceae,-0.003874432282496971
6,4,C5,Enterobacteriaceae,0.0010086557818427657
6,4,C6,Enterobacteriaceae,0.002920666438620379
6,4,C7,Enterobacteriaceae,0.0030561934467478466
6,4,Enterobacteriaceae,Enterobacteriaceae,1.9200556641028993e-4
6,4,Lactobacillaceae,Enterobacteriaceae,-0.006368495318695427
6,4,Paenibacillaceae,Enterobacteriaceae,-0.01018206832195423
6,4,C1,Lactobacillaceae,0.04439657012200193
6,4,C2,Lactobacillaceae,-0.4061748162146814
6,4,C3,Lactobacillaceae,-0.45313985373624777
6,4,C4,Lactobacillaceae,-0.1930499815933455
6,4,C5,Lactobacillaceae,0.08420510417336892
6,4,C6,Lactobacillaceae,0.10078467803152195
6,4,C7,Lactobacillaceae,-0.3105607986337724
6,4,Enterobacteriaceae,Lactobacillaceae,0.011005674899789956
6,4,Lactobacillaceae,Lactobacillaceae,-0.10486716016854906
6,4,Paenibacillaceae,Lactobacillaceae,-0.26723961096294274
6,4,C1,Paenibacillaceae,0.02268448635297842
6,4,C2,Paenibacillaceae,-0.1861884725191895
6,4,C3,Paenibacillaceae,-0.20769733526103393
6,4,C4,Paenibacillaceae,-0.08033667231806765
6,4,C5,Paenibacillaceae,0.03802402280821279
6,4,C6,Paenibacillaceae,0.03410902459732027
6,4,C7,Paenibacillaceae,-0.24713515098478445
6,4,Enterobacteriaceae,Paenibacillaceae,0.004107339708078639
6,4,Lactobacillaceae,Paenibacillaceae,0.005215869994701355
6,4,Paenibacillaceae,Paenibacillaceae,-0.048667077377972844
7,5,C1,C1,-0.001991592277117736
7,5,C2,C1,0.12055958494842611
7,5,C3,C1,0.10448414354486239
7,5,C4,C1,0.038766455880301705
7,5,C5,C1,-0.03062089529916246
7,5,C6,C1,-0.010770758254399429
7,5,C7,C1,0.09857499381185275
7,5,Enterobacteriaceae,C1,-0.0035495275831562635
7,5,Lactobacillaceae,C1,0.001276696369018867
7,5,Paenibacillaceae,C1,0.050759723310354214
7,5,C1,C2,-0.038183874555350716
7,5,C2,C2,0.007527947487393636
7,5,C3,C2,0.12644637700199113
7,5,C4,C2,0.08689421425153626
7,5,C5,C2,0.018954860425538327
7,5,C6,C2,-0.0916597200072091
7,5,C7,C2,-0.1766027446520603
7,5,Enterobacteriaceae,C2,-8.603992416017053e-4
7,5,Lactobacillaceae,C2,0.1921019730299912
7,5,Paenibacillaceae,C2,0.23965572243391045
7,5,C1,C3,-0.03181391435548174
7,5,C2,C3,-0.275112321474017
7,5,C3,C3,-0.13504385830945126
7,5,C4,C3,-0.012549367463663757
7,5,C5,C3,0.09033901941337413
7,5,C6,C3,-0.056733030041431945
7,5,C7,C3,-0.377816404086411
7,5,Enterobacteriaceae,C3,0.007504625168474866
7,5,Lactobacillaceae,C3,0.15926709195458807
7,5,Paenibacillaceae,C3,0.08256404777692015
7,5,C1,C4,-0.015943138786200534
7,5,C2,C4,-0.21406661625955503
7,5,C3,C4,-0.14275301392561773
7,5,C4,C4,-0.03701238584433665
7,5,C5,C4,0.06577537746697767
7,5,C6,C4,-0.012973449427620213
7,5,C7,C4,-0.1960335757838319
7,5,Enterobacteriaceae,C4,0.0063933206187385145
7,5,Lactobacillaceae,C4,0.03947355578986833
7,5,Paenibacillaceae,C4,-0.04398823837589931
7,5,C1,C5,0.0017874945443357658
7,5,C2,C5,-0.09367850774865863
7,5,C3,C5,-0.09800864140693741
7,5,C4,C5,-0.04205216803512386
7,5,C5,C5,0.024089774349428692
7,5,C6,C5,0.023487144326927306
7,5,C7,C5,0.0022096522313880375
7,5,Enterobacteriaceae,C5,0.0032884400013835505
7,5,Lactobacillaceae,C5,-0.0590612297729784
7,5,Paenibacillaceae,C5,-0.11758980868402615
7,5,C1,C6,-0.008375370082197455
7,5,C2,C6,0.17813673108159359
7,5,C3,C6,0.16618800929020677
7,5,C4,C6,0.06381674819328557
7,5,C5,C6,-0.04184780893182048
7,5,C6,C6,-0.020800582838660018
7,5,C7,C6,0.16721416674254905
7,5,Enterobacteriaceae,C6,-0.004934274724033559
7,5,Lactobacillaceae,C6,-0.004202729647470518
7,5,Paenibacillaceae,C6,0.06579524998193399
7,5,C1,C7,-0.0524915508695384
7,5,C2,C7,0.09679214130648889
7,5,C3,C7,0.25690257200640493
7,5,C4,C7,0.14321726638800622
7,5,C5,C7,3.8690673183105795e-4
7,5,C6,C7,-0.13125058118702204
7,5,C7,C7,-0.14359822625091986
7,5,Enterobacteriaceae,C7,-0.0031664506942503346
7,5,Lactobacillaceae,C7,0.26606689768036723
7,5,Paenibacillaceae,C7,0.3514812982764265
7,5,C1,Enterobacteriaceae,0.0010740845782499966
7,5,C2,Enterobacteriaceae,-8.205468552610867e-4
7,5,C3,Enterobacteriaceae,-0.003738460020826786
7,5,C4,Enterobacteriaceae,-0.0024401793263361385
7,5,C5,Enterobacteriaceae,-4.011768665016398e-4
7,5,C6,Enterobacteriaceae,0.0023565832738677754
7,5,C7,Enterobacteriaceae,0.0032104537084654975
7,5,Enterobacteriaceae,Enterobacteriaceae,2.8569007968039166e-5
7,5,Lactobacillaceae,Enterobacteriaceae,-0.004171206239586021
7,5,Paenibacillaceae,Enterobacteriaceae,-0.005362924135756183
7,5,C1,Lactobacillaceae,0.057591111498471445
7,5,C2,Lactobacillaceae,-0.14137066013263871
7,5,C3,Lactobacillaceae,-0.23688164965624048
7,5,C4,Lactobacillaceae,-0.11786633478880963
7,5,C5,Lactobacillaceae,0.006120582175331106
7,5,C6,Lactobacillaceae,0.08235864293139353
7,5,C7,Lactobacillaceae,-0.20485263307415838
7,5,Enterobacteriaceae,Lactobacillaceae,0.002322989696240434
7,5,Lactobacillaceae,Lactobacillaceae,-0.044617688151942544
7,5,Paenibacillaceae,Lactobacillaceae,-0.07011911756832782
7,5,C1,Paenibacillaceae,0.0019831330903413063
7,5,C2,Paenibacillaceae,-0.2759296444427517
7,5,C3,Paenibacillaceae,-0.2503777600918161
7,5,C4,Paenibacillaceae,-0.08707321631155396
7,5,C5,Paenibacillaceae,0.07465485556917119
7,5,C6,Paenibacillaceae,0.025868199773103083
7,5,C7,Paenibacillaceae,-0.22484344269123693
7,5,Enterobacteriaceae,Paenibacillaceae,0.007818971075965605
7,5,Lactobacillaceae,Paenibacillaceae,-0.029664802235625322
7,5,Paenibacillaceae,Paenibacillaceae,-0.1390395815115014
8,6,C1,C1,0.0047613278970071084
8,6,C2,C1,0.12570500991059388
8,6,C3,C1,0.09671741158726732
8,6,C4,C1,0.030033408841947263
8,6,C5,C1,-0.039145213556225925
8,6,C6,C1,-0.008927519166561895
8,6,C7,C1,0.08229876765441566
8,6,Enterobacteriaceae,C1,-0.004176593241292284
8,6,Lactobacillaceae,C1,0.03073681446539885
8,6,Paenibacillaceae,C1,0.05808601586619671
8,6,C1,C2,-0.04685067128166899
8,6,C2,C2,-0.05353771152562111
8,6,C3,C2,0.08193134919808556
8,6,C4,C2,0.07736540616013333
8,6,C5,C2,0.047889070054441
8,6,C6,C2,-0.07609280748339693
8,6,C7,C2,-0.14757412207042753
8,6,Enterobacteriaceae,C2,0.002190345947993117
8,6,Lactobacillaceae,C2,0.08883934933309243
8,6,Paenibacillaceae,C2,0.16221429666348663
8,6,C1,C3,-0.04667749400602491
8,6,C2,C3,-0.3093806317868197
8,6,C3,C3,-0.14368355385427214
8,6,C4,C3,-0.0036629763763825437
8,6,C5,C3,0.11834672686297588
8,6,C6,C3,-0.04716318581751984
8,6,C7,C3,-0.315196705086998
8,6,Enterobacteriaceae,C3,0.010117546626473087
8,6,Lactobacillaceae,C3,0.038462851413209355
8,6,Paenibacillaceae,C3,0.01816808281491904
8,6,C1,C4,-0.025187439742452196
8,6,C2,C4,-0.22586858188906755
8,6,C3,C4,-0.13741746632439625
8,6,C4,C4,-0.026832713448535394
8,6,C5,C4,0.08030421690230218
8,6,C6,C4,-0.010839011275438527
8,6,C7,C4,-0.16372835465683303
8,6,Enterobacteriaceae,C4,0.007599942933327349
8,6,Lactobacillaceae,C4,-0.022207667319738403
8,6,Paenibacillaceae,C4,-0.06673150202744359
8,6,C1,C5,0.0015801031764266157
8,6,C2,C5,-0.07797129830679919
8,6,C3,C5,-0.08164672005298598
8,6,C4,C5,-0.03508094327806983
8,6,C5,C5,0.019988469281174818
8,6,C6,C5,0.019454297088434554
8,6,C7,C5,0.0017122336787639184
8,6,Enterobacteriaceae,C5,0.0027120788264054655
8,6,Lactobacillaceae,C5,-0.04814172152868314
8,6,Paenibacillaceae,C5,-0.09811320140200393
8,6,C1,C6,-0.008134347586616592
8,6,C2,C6,0.1436278379725489
8,6,C3,C6,0.13647553032909654
8,6,C4,C6,0.05348885446569268
8,6,C5,C6,-0.03236104419965924
8,6,C6,C6,-0.017245135758942442
8,6,C7,C6,0.1388863406913514
8,6,Enterobacteriaceae,C6,-0.003872456898949083
8,6,Lactobacillaceae,C6,-0.009238702890306483
8,6,Paenibacillaceae,C6,0.05218920336230771
8,6,C1,C7,-0.04910723820744381
8,6,C2,C7,0.05843321782448456
8,6,C3,C7,0.20480895753171593
8,6,C4,C7,0.12078181845926655
8,6,C5,C7,0.012078895811550057
8,6,C6,C7,-0.10900242478146874
8,6,C7,C7,-0.11963962873053152
8,6,Enterobacteriaceae,C7,-0.001570243418231505
8,6,Lactobacillaceae,C7,0.1953015880827968
8,6,Paenibacillaceae,C7,0.27829369999691334
8,6,C1,Enterobacteriaceae,5.70307399213579e-5
8,6,C2,Enterobacteriaceae,-0.004053809129881724
8,6,C3,Enterobacteriaceae,-0.004419800624248148
8,6,C4,Enterobacteriaceae,-0.001745128541743574
8,6,C5,Enterobacteriaceae,0.001473335205225049
8,6,C6,Enterobacteriaceae,0.001945208688711992
8,6,C7,Enterobacteriaceae,0.002606632416593032
8,6,Enterobacteriaceae,Enterobacteriaceae,1.8181726657425193e-4
8,6,Lactobacillaceae,Enterobacteriaceae,-0.007220261439399814
8,6,Paenibacillaceae,Enterobacteriaceae,-0.006600518811513017
8,6,C1,Lactobacillaceae,0.08890331062094539
8,6,C2,Lactobacillaceae,0.05225749744459909
8,6,C3,Lactobacillaceae,-0.12936634320321297
8,6,C4,Lactobacillaceae,-0.11093058915186366
8,6,C5,Lactobacillaceae,-0.08508159161201126
8,6,C6,Lactobacillaceae,0.06938122576284199
8,6,C7,Lactobacillaceae,-0.16630838758002298
8,6,Enterobacteriaceae,Lactobacillaceae,-0.005852320781142536
8,6,Lactobacillaceae,Lactobacillaceae,0.1448874100390299
8,6,Paenibacillaceae,Lactobacillaceae,0.05199366839813937
8,6,C1,Paenibacillaceae,-0.03138845401295066
8,6,C2,Paenibacillaceae,-0.3621105592192032
8,6,C3,Paenibacillaceae,-0.2599084543044499
8,6,C4,Paenibacillaceae,-0.06134293144456659
8,6,C5,Paenibacillaceae,0.1331169930445184
8,6,C6,Paenibacillaceae,0.021208576710369558
8,6,C7,Paenibacillaceae,-0.18917710997363021
8,6,Enterobacteriaceae,Paenibacillaceae,0.012803828917474605
8,6,Lactobacillaceae,Paenibacillaceae,-0.1758052340055148
8,6,Paenibacillaceae,Paenibacillaceae,-0.1992122659007971
9,7,C1,C1,0.00691938144217411
9,7,C2,C1,0.1148848371636797
9,7,C3,C1,0.08426302118111875
9,7,C4,C1,0.023869001912358183
9,7,C5,C1,-0.03822459019073069
9,7,C6,C1,-0.008052583310964822
9,7,C7,C1,0.06939355717407937
9,7,Enterobacteriaceae,C1,-0.004361295687634675
9,7,Lactobacillaceae,C1,0.038208914950074654
9,7,Paenibacillaceae,C1,0.054400529268666356
9,7,C1,C2,-0.05474236912783739
9,7,C2,C2,-0.08293147962112002
9,7,C3,C2,0.06286454379276317
9,7,C4,C2,0.0758170406784304
9,7,C5,C2,0.06523534148928486
9,7,C6,C2,-0.06282340721622756
9,7,C7,C2,-0.12050117348917261
9,7,Enterobacteriaceae,C2,0.006428694692478466
9,7,Lactobacillaceae,C2,0.01974408834160941
9,7,Paenibacillaceae,C2,0.11141377568925498
9,7,C1,C3,-0.05770138558071785
9,7,C2,C3,-0.30982238080984015
9,7,C3,C3,-0.1318083958014306
9,7,C4,C3,0.008488081239774703
9,7,C5,C3,0.13067464758445355
9,7,C6,C3,-0.03763599289604023
9,7,C7,C3,-0.2628061563050596
9,7,Enterobacteriaceae,C3,0.014033540697907866
9,7,Lactobacillaceae,C3,-0.03668561154352968
9,7,Paenibacillaceae,C3,-0.01670778878903329
9,7,C1,C4,-0.031081204493164042
9,7,C2,C4,-0.21747921429857348
9,7,C3,C4,-0.12234803391573952
9,7,C4,C4,-0.01672620258425608
9,7,C5,C4,0.08449411796782019
9,7,C6,C4,-0.007827940233876902
9,7,C7,C4,-0.13643272644867477
9,7,Enterobacteriaceae,C4,0.00936190055513077
9,7,Lactobacillaceae,C4,-0.05658791372517307
9,7,Paenibacillaceae,C4,-0.0742135998873592
9,7,C1,C5,0.0013338986828034165
9,7,C2,C5,-0.06660247936006268
9,7,C3,C5,-0.0697220783177711
9,7,C4,C5,-0.029946763783648415
9,7,C5,C5,0.01709926622297479
9,7,C6,C5,0.016648396174634466
9,7,C7,C5,0.0015492786840231613
9,7,Enterobacteriaceae,C5,0.0023865516014499374
9,7,Lactobacillaceae,C5,-0.0405911753050621
9,7,Paenibacillaceae,C5,-0.08429822922666295
9,7,C1,C6,-0.0069120709724184584
9,7,C2,C6,0.12309085275893708
9,7,C3,C6,0.1168691624144247
9,7,C4,C6,0.04576702578369775
9,7,C5,C6,-0.027772887642910832
9,7,C6,C6,-0.014735427969801079
9,7,C7,C6,0.11886094090045277
9,7,Enterobacteriaceae,C6,-0.0032288518208633
9,7,Lactobacillaceae,C6,-0.006758840319226507
9,7,Paenibacillaceae,C6,0.04413235018733866
9,7,C1,C7,-0.049913239721303904
9,7,C2,C7,0.029790491256461157
9,7,C3,C7,0.17113187697026824
9,7,C4,C7,0.10844778859512053
9,7,C5,C7,0.023453879814599995
9,7,C6,C7,-0.09200940726780218
9,7,C7,C7,-0.09932473946928769
9,7,Enterobacteriaceae,C7,0.0010399916016643578
9,7,Lactobacillaceae,C7,0.13591021325405683
9,7,Paenibacillaceae,C7,0.22368784369590894
9,7,C1,Enterobacteriaceae,-0.005683897422965695
9,7,C2,Enterobacteriaceae,-0.0181638605285134
9,7,C3,Enterobacteriaceae,-0.006768313257748758
9,7,C4,Enterobacteriaceae,0.0022063210102608675
9,7,C5,Enterobacteriaceae,0.010758423045402938
9,7,C6,Enterobacteriaceae,0.002510938771265707
9,7,C7,Enterobacteriaceae,0.004286802892123698
9,7,Enterobacteriaceae,Enterobacteriaceae,0.0017881242992339602
9,7,Lactobacillaceae,Enterobacteriaceae,-0.029437274749383662
9,7,Paenibacillaceae,Enterobacteriaceae,-0.015424680327237974
9,7,C1,Lactobacillaceae,0.01685061016347513
9,7,C2,Lactobacillaceae,-0.10641803970005716
9,7,C3,Lactobacillaceae,-0.1408855211421972
9,7,C4,Lactobacillaceae,-0.05642971411837671
9,7,C5,Lactobacillaceae,0.02527180419867619
9,7,C6,Lactobacillaceae,0.06817444401241063
9,7,C7,Lactobacillaceae,-0.12040585774817926
9,7,Enterobacteriaceae,Lactobacillaceae,0.012385150720576069
9,7,Lactobacillaceae,Lactobacillaceae,-0.11166901034185892
9,7,Paenibacillaceae,Lactobacillaceae,-0.0597141224486961
9,7,C1,Paenibacillaceae,-0.002217302149078861
9,7,C2,Paenibacillaceae,-0.24618221831334453
9,7,C3,Paenibacillaceae,-0.20909795092186717
9,7,C4,Paenibacillaceae,-0.06821141529497025
9,7,C5,Paenibacillaceae,0.07300333219778807
9,7,C6,Paenibacillaceae,0.014542434807832962
9,7,C7,Paenibacillaceae,-0.17032614044263544
9,7,Enterobacteriaceae,Paenibacillaceae,0.004178926652294712
9,7,Lactobacillaceae,Paenibacillaceae,-0.04821687697475511
9,7,Paenibacillaceae,Paenibacillaceae,-0.1297874791574331
10,8,C1,C1,0.006630681253748834
10,8,C2,C1,0.1014075798518285
10,8,C3,C1,0.07352511957694907
10,8,C4,C1,0.020281735236669304
10,8,C5,C1,-0.034517957561592566
10,8,C6,C1,-0.00737133496237719
10,8,C7,C1,0.06011562163519108
10,8,Enterobacteriaceae,C1,-0.004158366048915325
10,8,Lactobacillaceae,C1,0.034886396649676445
10,8,Paenibacillaceae,C1,0.04892140179288099
10,8,C1,C2,-0.06337581983887751
10,8,C2,C2,-0.1048625036813624
10,8,C3,C2,0.05342341808415887
10,8,C4,C2,0.07925923517458551
10,8,C5,C2,0.08390083848250791
10,8,C6,C2,-0.04975239744547458
10,8,C7,C2,-0.09451396213976791
10,8,Enterobacteriaceae,C2,0.013131773584341143
10,8,Lactobacillaceae,C2,-0.020522029350585
10,8,Paenibacillaceae,C2,0.05819828442621599
10,8,C1,C3,-0.064010428375481307
10,8,C2,C3,-0.29886553973857066
10,8,C3,C3,-0.11633969953108379
10,8,C4,C3,0.018866587095005834
10,8,C5,C3,0.13775799818818207
10,8,C6,C3,-0.028298665782464955
10,8,C7,C3,-0.22009493093308732
10,8,Enterobacteriaceae,C3,0.018875593032877985
10,8,Lactobacillaceae,C3,-0.0651363601662787
10,8,Paenibacillaceae,C3,-0.048760179394945175
10,8,C1,C4,-0.03412935737475029
10,8,C2,C4,-0.20435195357700606
10,8,C3,C4,-0.1074079582030518
10,8,C4,C4,-0.008690033754552882
10,8,C5,C4,0.08598607446653733
10,8,C6,C4,-0.004405119937272037
10,8,C7,C4,-0.11426451234356168
10,8,Enterobacteriaceae,C4,0.011610646125418168
10,8,Lactobacillaceae,C4,-0.06645303838845955
10,8,Paenibacillaceae,C4,-0.08230395304501446
10,8,C1,C5,-0.002196408323699992
10,8,C2,C5,-0.06508601807099654
10,8,C3,C5,-0.061141094865610604
10,8,C4,C5,-0.02329572608193922
10,8,C5,C5,0.02081877739527777
10,8,C6,C5,0.01572867322425992
10,8,C7,C5,0.003726313404206147
10,8,Enterobacteriaceae,C5,0.0037450155655100784
10,8,Lactobacillaceae,C5,-0.043660033246289746
10,8,Paenibacillaceae,C5,-0.08203565911123066
10,8,C1,C6,-0.01140815937254174
10,8,C2,C6,0.09643457238902434
10,8,C3,C6,0.10166256236025602
10,8,C4,C6,0.04453120391248419
10,8,C5,C6,-0.014875656232205011
10,8,C6,C6,-0.010997319293367013
10,8,C7,C6,0.10759158726913769
10,8,Enterobacteriaceae,C6,-1.778670247270603e-4
10,8,Lactobacillaceae,C6,-0.019002112830607636
10,8,Paenibacillaceae,C6,0.025098951407469386
10,8,C1,C7,-0.04738677817825129
10,8,C2,C7,0.018196886429303505
10,8,C3,C7,0.14916913239849885
10,8,C4,C7,0.0979324116943865
10,8,C5,C7,0.027100411931937414
10,8,C6,C7,-0.0790435236969115
10,8,C7,C7,-0.08409549849761562
10,8,Enterobacteriaceae,C7,0.0027725943673141914
10,8,Lactobacillaceae,C7,0.10945936950903541
10,8,Paenibacillaceae,C7,0.18587657941608626
10,8,C1,Enterobacteriaceae,-0.007035636325352112
10,8,C2,Enterobacteriaceae,-0.020232749767003164
10,8,C3,Enterobacteriaceae,-0.006146720942066143
10,8,C4,Enterobacteriaceae,0.0036402865918040987
10,8,C5,Enterobacteriaceae,0.012943442867271797
10,8,C6,Enterobacteriaceae,0.002824571434338292
10,8,C7,Enterobacteriaceae,0.005148979998154337
10,8,Enterobacteriaceae,Enterobacteriaceae,0.002538351083900816
10,8,Lactobacillaceae,Enterobacteriaceae,-0.030701451430923097
10,8,Paenibacillaceae,Enterobacteriaceae,-0.018696611580389006
10,8,C1,Lactobacillaceae,0.008670413325022929
10,8,C2,Lactobacillaceae,-0.1053175119999196
10,8,C3,Lactobacillaceae,-0.12345706177542333
10,8,C4,Lactobacillaceae,-0.04412107991156712
10,8,C5,Lactobacillaceae,0.03269029951949122
10,8,C6,Lactobacillaceae,0.06174591589277573
10,8,C7,Lactobacillaceae,-0.10088284006633498
10,8,Enterobacteriaceae,Lactobacillaceae,0.013834174232487522
10,8,Lactobacillaceae,Lactobacillaceae,-0.11234109653083231
10,8,Paenibacillaceae,Lactobacillaceae,-0.06725586617127406
10,8,C1,Paenibacillaceae,-0.01619045358837739
10,8,C2,Paenibacillaceae,-0.24461470827963736
10,8,C3,Paenibacillaceae,-0.18390990938598628
10,8,C4,Paenibacillaceae,-0.047588699778262675
10,8,C5,Paenibacillaceae,0.08849460821994712
10,8,C6,Paenibacillaceae,0.01748908337491657
10,8,C7,Paenibacillaceae,-0.1388839209360308
10,8,Enterobacteriaceae,Paenibacillaceae,0.010580775509951528
10,8,Lactobacillaceae,Paenibacillaceae,-0.0767703855401522
10,8,Paenibacillaceae,Paenibacillaceae,-0.1491393312035763
11,9,C1,C1,0.014958465002260323
11,9,C2,C1,0.10411441565742406
11,9,C3,C1,0.06333043363789896
11,9,C4,C1,0.009330628443409084
11,9,C5,C1,-0.046111401133051066
11,9,C6,C1,-0.011663781133240706
11,9,C7,C1,0.04598300183722369
11,9,Enterobacteriaceae,C1,-0.008244951887917433
11,9,Lactobacillaceae,C1,0.04750577376580004
11,9,Paenibacillaceae,C1,0.06132460847483116
11,9,C1,C2,-0.06664079868758425
11,9,C2,C2,-0.10893750364568561
11,9,C3,C2,0.04975890265847029
11,9,C4,C2,0.08030326734591775
11,9,C5,C2,0.09201104253607077
11,9,C6,C2,-0.03826287774250015
11,9,C7,C2,-0.0754154355900157
11,9,Enterobacteriaceae,C2,0.016864858252182185
11,9,Lactobacillaceae,C2,-0.03649180579758851
11,9,Paenibacillaceae,C2,0.03151911423975839
11,9,C1,C3,-0.07334836816640854
11,9,C2,C3,-0.2906656987180048
11,9,C3,C3,-0.09960862332946856
11,9,C4,C3,0.032571243269499166
11,9,C5,C3,0.15028271371574733
11,9,C6,C3,-0.01574699908887434
11,9,C7,C3,-0.18189009545527388
11,9,Enterobacteriaceae,C3,0.025044927042226106
11,9,Lactobacillaceae,C3,-0.08724011241268359
11,9,Paenibacillaceae,C3,-0.07551104892953296
11,9,C1,C4,-0.043655806675433326
11,9,C2,C4,-0.20193014202793783
11,9,C3,C4,-0.0923923213142362
11,9,C4,C4,0.0050752805433766455
11,9,C5,C4,0.09897733154510333
11,9,C6,C4,0.003663109872932033
11,9,C7,C4,-0.0905393788399893
11,9,Enterobacteriaceae,C4,0.01700587197882859
11,9,Lactobacillaceae,C4,-0.08282925214205974
11,9,Paenibacillaceae,C4,-0.09913663191822528
11,9,C1,C5,-0.006502475805521422
11,9,C2,C5,-0.06504754163033963
11,9,C3,C5,-0.05338922431783901
11,9,C4,C5,-0.016341577469558867
11,9,C5,C5,0.02635009997090056
11,9,C6,C5,0.01649958625175659
11,9,C7,C5,0.006999240506808578
11,9,Enterobacteriaceae,C5,0.005619495090896142
11,9,Lactobacillaceae,C5,-0.04748831057975118
11,9,Paenibacillaceae,C5,-0.08204708978003114
11,9,C1,C6,-0.016782309309921365
11,9,C2,C6,0.0752710523720899
11,9,C3,C6,0.09166502934957507
11,9,C4,C6,0.0458910003995261
11,9,C5,C6,-0.0018682032538108798
11,9,C6,C6,-0.006004500471124785
11,9,C7,C6,0.10092010048947031
11,9,Enterobacteriaceae,C6,0.0031848624208451813
11,9,Lactobacillaceae,C6,-0.02895493553479829
11,9,Paenibacillaceae,C6,0.009166731713419507
11,9,C1,C7,-0.051500600309650486
11,9,C2,C7,0.0020973491031231056
11,9,C3,C7,0.13469148466987307
11,9,C4,C7,0.09599755899985724
11,9,C5,C7,0.03980723072868945
11,9,C6,C7,-0.06474293308848207
11,9,C7,C7,-0.06692659615384663
11,9,Enterobacteriaceae,C7,0.007173658950567009
11,9,Lactobacillaceae,C7,0.08132107971369439
11,9,Paenibacillaceae,C7,0.1471311730315403
11,9,C1,Enterobacteriaceae,-0.009117960146375738
11,9,C2,Enterobacteriaceae,-0.02250126520213962
11,9,C3,Enterobacteriaceae,-0.0048772636704674235
11,9,C4,Enterobacteriaceae,0.005971340766398345
11,9,C5,Enterobacteriaceae,0.016438995814344007
11,9,C6,Enterobacteriaceae,0.004119918041668328
11,9,C7,Enterobacteriaceae,0.006895038991619861
11,9,Enterobacteriaceae,Enterobacteriaceae,0.003694276849358056
11,9,Lactobacillaceae,Enterobacteriaceae,-0.03267307857237145
11,9,Paenibacillaceae,Enterobacteriaceae,-0.022357926852913275
11,9,C1,Lactobacillaceae,-0.019069821585980983
11,9,C2,Lactobacillaceae,-0.13464755003704643
11,9,C3,Lactobacillaceae,-0.10368798736551327
11,9,C4,Lactobacillaceae,-0.013544634731141826
11,9,C5,Lactobacillaceae,0.07441470458735412
11,9,C6,Lactobacillaceae,0.0699802033913102
11,9,C7,Lactobacillaceae,-0.0677435366471129
11,9,Enterobacteriaceae,Lactobacillaceae,0.025697190773646954
11,9,Lactobacillaceae,Lactobacillaceae,-0.14753734259354045
11,9,Paenibacillaceae,Lactobacillaceae,-0.11196530761484436
11,9,C1,Paenibacillaceae,-0.027316582652015503
11,9,C2,Paenibacillaceae,-0.23676889908254886
11,9,C3,Paenibacillaceae,-0.16027616112659776
11,9,C4,Paenibacillaceae,-0.02983057736228841
11,9,C5,Paenibacillaceae,0.10033618533955424
11,9,C6,Paenibacillaceae,0.0228947138950029
11,9,C7,Paenibacillaceae,-0.11269883608454025
11,9,Enterobacteriaceae,Paenibacillaceae,0.01588096358303783
11,9,Lactobacillaceae,Paenibacillaceae,-0.09063686348615717
11,9,Paenibacillaceae,Paenibacillaceae,-0.15732977983350033
12,10,C1,C1,0.00956621699615108
12,10,C2,C1,0.08877698887607775
12,10,C3,C1,0.0585544907214379
12,10,C4,C1,0.012543224243322052
12,10,C5,C1,-0.035410499823528674
12,10,C6,C1,-0.007980626347230823
12,10,C7,C1,0.045885506625642704
12,10,Enterobacteriaceae,C1,-0.005640700048942911
12,10,Lactobacillaceae,C1,0.039003519210245266
12,10,Paenibacillaceae,C1,0.049110381914421866
12,10,C1,C2,-0.07326491884630304
12,10,C2,C2,-0.11457646348470701
12,10,C3,C2,0.05015813207263449
12,10,C4,C2,0.08630599865608309
12,10,C5,C2,0.10350137476518091
12,10,C6,C2,-0.025824100787701112
12,10,C7,C2,-0.052840001821754815
12,10,Enterobacteriaceae,C2,0.021305940079869155
12,10,Lactobacillaceae,C2,-0.046145369927594264
12,10,Paenibacillaceae,C2,0.007502700478460032
12,10,C1,C3,-0.07615657399777148
12,10,C2,C3,-0.2740484793155071
12,10,C3,C3,-0.08541488854960864
12,10,C4,C3,0.040058463603855766
12,10,C5,C3,0.15100707473398195
12,10,C6,C3,-0.0075964238274551675
12,10,C7,C3,-0.15215433197296935
12,10,Enterobacteriaceae,C3,0.027224075282296405
12,10,Lactobacillaceae,C3,-0.088706291602814
12,10,Paenibacillaceae,C3,-0.08384340271745287
12,10,C1,C4,-0.04416283649937307
12,10,C2,C4,-0.1876723339635588
12,10,C3,C4,-0.08110137758213883
12,10,C4,C4,0.009711379926389619
12,10,C5,C4,0.09662664635051801
12,10,C6,C4,0.006435262441117452
12,10,C7,C4,-0.07606345149670113
12,10,Enterobacteriaceae,C4,0.017561866153335003
12,10,Lactobacillaceae,C4,-0.07952377211407792
12,10,Paenibacillaceae,C4,-0.0968194955470699
12,10,C1,C5,-1.8915796391137608e-4
12,10,C2,C5,-0.051439975413951976
12,10,C3,C5,-0.05025568746920408
12,10,C4,C5,-0.020613519073078398
12,10,C5,C5,0.014918088315234638
12,10,C6,C5,0.011249039875941313
12,10,C7,C5,1.4398237115993318e-4
12,10,Enterobacteriaceae,C5,0.002450308182799678
12,10,Lactobacillaceae,C5,-0.03690542225793626
12,10,Paenibacillaceae,C5,-0.06495277187872489
12,10,C1,C6,-0.017192085844981997
12,10,C2,C6,0.06503909498343668
12,10,C3,C6,0.08344513829754754
12,10,C4,C6,0.043726185216914765
12,10,C5,C6,0.0016932915894432574
12,10,C6,C6,-0.0038891304308622155
12,10,C7,C6,0.0939491689986654
12,10,Enterobacteriaceae,C6,0.0038098272722966262
12,10,Lactobacillaceae,C6,-0.02745637985731081
12,10,Paenibacillaceae,C6,0.0049693301226407345
12,10,C1,C7,-0.06192374282265409
12,10,C2,C7,-0.0175820405356069
12,10,C3,C7,0.12730370975326138
12,10,C4,C7,0.10264000231729259
12,10,C5,C7,0.06003523222764277
12,10,C6,C7,-0.04828224619597371
12,10,C7,C7,-0.04327814849332631
12,10,Enterobacteriaceae,C7,0.0136535843572589
12,10,Lactobacillaceae,C7,0.057021581374899245
12,10,Paenibacillaceae,C7,0.1078869128816955
12,10,C1,Enterobacteriaceae,-0.00526086790348631
12,10,C2,Enterobacteriaceae,-0.01656925987491293
12,10,C3,Enterobacteriaceae,-0.005568014909613148
12,10,C4,Enterobacteriaceae,0.002277516459249613
12,10,C5,Enterobacteriaceae,0.010213328767875065
12,10,C6,Enterobacteriaceae,0.0018258727099675685
12,10,C7,Enterobacteriaceae,0.002953713914530567
12,10,Enterobacteriaceae,Enterobacteriaceae,0.0019688203711725858
12,10,Lactobacillaceae,Enterobacteriaceae,-0.026405567416248932
12,10,Paenibacillaceae,Enterobacteriaceae,-0.015517814124208154
12,10,C1,Lactobacillaceae,-0.04436932724391698
12,10,C2,Lactobacillaceae,-0.15494894096006442
12,10,C3,Lactobacillaceae,-0.08231727917065217
12,10,C4,Lactobacillaceae,0.016371335245795773
12,10,C5,Lactobacillaceae,0.1091591723845721
12,10,C6,Lactobacillaceae,0.08022318326050638
12,10,C7,Lactobacillaceae,-0.031184434948231164
12,10,Enterobacteriaceae,Lactobacillaceae,0.03563653447554291
12,10,Lactobacillaceae,Lactobacillaceae,-0.1604156810880909
12,10,Paenibacillaceae,Lactobacillaceae,-0.143098508680052
12,10,C1,Paenibacillaceae,-0.04171961012089054
12,10,C2,Paenibacillaceae,-0.23424654245692364
12,10,C3,Paenibacillaceae,-0.1371550222059437
12,10,C4,Paenibacillaceae,-0.008730946865119615
12,10,C5,Paenibacillaceae,0.11689876395370671
12,10,C6,Paenibacillaceae,0.031577641207558606
12,10,C7,Paenibacillaceae,-0.08227878578701066
12,10,Enterobacteriaceae,Paenibacillaceae,0.022182051776640687
12,10,Lactobacillaceae,Paenibacillaceae,-0.09877602330437267
12,10,Paenibacillaceae,Paenibacillaceae,-0.16822672119079954
13,11,C1,C1,0.005560391618906538
13,11,C2,C1,0.0768679740237308
13,11,C3,C1,0.055061163110489864
13,11,C4,C1,0.015266215287234867
13,11,C5,C1,-0.02668539645061548
13,11,C6,C1,-0.0035123913117164457
13,11,C7,C1,0.04636056384120834
13,11,Enterobacteriaceae,C1,-0.003717071056054553
13,11,Lactobacillaceae,C1,0.03258889999731983
13,11,Paenibacillaceae,C1,0.03983859748158069
13,11,C1,C2,-0.07885578409649115
13,11,C2,C2,-0.11888568945963209
13,11,C3,C2,0.05293747007285948
13,11,C4,C2,0.09362496811537996
13,11,C5,C2,0.11554289814393941
13,11,C6,C2,-0.008799622158688018
13,11,C7,C2,-0.029555533071591582
13,11,Enterobacteriaceae,C2,0.024885746255117885
13,11,Lactobacillaceae,C2,-0.05305827653299434
13,11,Paenibacillaceae,C2,-0.011947974516932773
13,11,C1,C3,-0.08057994425558263
13,11,C2,C3,-0.26262069287096895
13,11,C3,C3,-0.07067990776343351
13,11,C4,C3,0.050546021023777095
13,11,C5,C3,0.15718891169838284
13,11,C6,C3,0.0069118006922363005
13,11,C7,C3,-0.12109244780648351
13,11,Enterobacteriaceae,C3,0.029855075916443038
13,11,Lactobacillaceae,C3,-0.0909741797961605
13,11,Paenibacillaceae,C3,-0.09352603939525372
13,11,C1,C4,-0.04499640345596479
13,11,C2,C4,-0.17629030704755952
13,11,C3,C4,-0.07060392713119475
13,11,C4,C4,0.014959303022157384
13,11,C5,C4,0.09647708547578877
13,11,C6,C4,0.012158392818773307
13,11,C7,C4,-0.061738430905211826
13,11,Enterobacteriaceae,C4,0.01814617556439776
13,11,Lactobacillaceae,C4,-0.07681902749893013
13,11,Paenibacillaceae,C4,-0.0953540037892753
13,11,C1,C5,-0.0038025263652723437
13,11,C2,C5,-0.05104857248453832
13,11,C3,C5,-0.043347634255185216
13,11,C4,C5,-0.014143157457982546
13,11,C5,C5,0.020056547929448644
13,11,C6,C5,0.015018564547803703
13,11,C7,C5,0.005609792419249976
13,11,Enterobacteriaceae,C5,0.003856550223527198
13,11,Lactobacillaceae,C5,-0.03696248316185053
13,11,Paenibacillaceae,C5,-0.06449903537563284
13,11,C1,C6,-0.039414232757064155
13,11,C2,C6,0.030335183444603214
13,11,C3,C6,0.08979984077763212
13,11,C4,C6,0.06897581897824975
13,11,C5,C6,0.04281788989691159
13,11,C6,C6,0.02382362387674644
13,11,C7,C6,0.1209370021845294
13,11,Enterobacteriaceae,C6,0.014157574684545657
13,11,Lactobacillaceae,C6,-0.046138771333491514
13,11,Paenibacillaceae,C6,-0.031803625888976596
13,11,C1,C7,-0.0546562721604183
13,11,C2,C7,-0.014070011677072504
13,11,C3,C7,0.1146450828424141
13,11,C4,C7,0.09124333615023442
13,11,C5,C7,0.051722290369879305
13,11,C6,C7,-0.04587268840062811
13,11,C7,C7,-0.041713707916972646
13,11,Enterobacteriaceae,C7,0.011689029223964933
13,11,Lactobacillaceae,C7,0.05325984285128166
13,11,Paenibacillaceae,C7,0.10039707854180598
13,11,C1,Enterobacteriaceae,-0.0031328865627846766
13,11,C2,Enterobacteriaceae,-0.013066779937824296
13,11,C3,Enterobacteriaceae,-0.006038214529048655
13,11,C4,Enterobacteriaceae,3.6345369544186896e-5
13,11,C5,Enterobacteriaceae,0.006404855085739789
13,11,C6,Enterobacteriaceae,-2.798374984836791e-4
13,11,C7,Enterobacteriaceae,2.2203482781943658e-4
13,11,Enterobacteriaceae,Enterobacteriaceae,0.0010484965477258429
13,11,Lactobacillaceae,Enterobacteriaceae,-0.022499211365771668
13,11,Paenibacillaceae,Enterobacteriaceae,-0.011585617440015622
13,11,C1,Lactobacillaceae,-0.04125467335021312
13,11,C2,Lactobacillaceae,-0.14183532070005805
13,11,C3,Lactobacillaceae,-0.07405002642267833
13,11,C4,Lactobacillaceae,0.01616035398678652
13,11,C5,Lactobacillaceae,0.1010146325734882
13,11,C6,Lactobacillaceae,0.07452589775797129
13,11,C7,Lactobacillaceae,-0.02688822810441533
13,11,Enterobacteriaceae,Lactobacillaceae,0.032797758046172215
13,11,Lactobacillaceae,Lactobacillaceae,-0.1467560498024185
13,11,Paenibacillaceae,Lactobacillaceae,-0.1314010338592995
13,11,C1,Paenibacillaceae,-0.051429678899327966
13,11,C2,Paenibacillaceae,-0.22905912629198538
13,11,C3,Paenibacillaceae,-0.11647793679347819
13,11,C4,Paenibacillaceae,0.008807981322795951
13,11,C5,Paenibacillaceae,0.1298270223097301
13,11,C6,Paenibacillaceae,0.0447089590022138
13,11,C7,Paenibacillaceae,-0.05446804105453876
13,11,Enterobacteriaceae,Paenibacillaceae,0.026232440673154157
13,11,Lactobacillaceae,Paenibacillaceae,-0.10194276949597433
13,11,Paenibacillaceae,Paenibacillaceae,-0.17342740120432948
14,12,C1,C1,0.00266967479240232
14,12,C2,C1,0.06767789750947684
14,12,C3,C1,0.052635599291487555
14,12,C4,C1,0.0177917258774261
14,12,C5,C1,-0.019158255825166944
14,12,C6,C1,0.0011261599230460522
14,12,C7,C1,0.04653336831804223
14,12,Enterobacteriaceae,C1,-0.0021938978021558276
14,12,Lactobacillaceae,C1,0.027600922294224766
14,12,Paenibacillaceae,C1,0.032810822629635236
14,12,C1,C2,-0.08146398894379298
14,12,C2,C2,-0.11925539090386131
14,12,C3,C2,0.05714534535775498
14,12,C4,C2,0.10065112414187645
14,12,C5,C2,0.12634427915145705
14,12,C6,C2,0.008445474828587212
14,12,C7,C2,-0.011333756539461353
14,12,Enterobacteriaceae,C2,0.027533920227969265
14,12,Lactobacillaceae,C2,-0.05682851317774263
14,12,Paenibacillaceae,C2,-0.02502839780487526
14,12,C1,C3,-0.08467260983712006
14,12,C2,C3,-0.25275139377875533
14,12,C3,C3,-0.054623430188446113
14,12,C4,C3,0.06372437672264553
14,12,C5,C3,0.16801906169804878
14,12,C6,C3,0.025772273216173404
14,12,C7,C3,-0.09245846262098362
14,12,Enterobacteriaceae,C3,0.03288878591472549
14,12,Lactobacillaceae,C3,-0.0931015236716313
14,12,Paenibacillaceae,C3,-0.10222057988399753
14,12,C1,C4,-0.05130965880718398
14,12,C2,C4,-0.17282887377209954
14,12,C3,C4,-0.05536911845632013
14,12,C4,C4,0.029752103955692902
14,12,C5,C4,0.11057354026413942
14,12,C6,C4,0.029240015524468758
14,12,C7,C4,-0.0394829151137366
14,12,Enterobacteriaceae,C4,0.02172168627440634
14,12,Lactobacillaceae,C4,-0.07958091993895855
14,12,Paenibacillaceae,C4,-0.10269917126537954
14,12,C1,C5,-0.00862624390577825
14,12,C2,C5,-0.0525882123434609
14,12,C3,C5,-0.03523580733052572
14,12,C4,C5,-0.0051621249200465525
14,12,C5,C5,0.02930580110119126
14,12,C6,C5,0.023019609762562964
14,12,C7,C5,0.013596777176905652
14,12,Enterobacteriaceae,C5,0.006005203995864133
14,12,Lactobacillaceae,C5,-0.03889563466634737
14,12,Paenibacillaceae,C5,-0.06684174637315819
14,12,C1,C6,-0.031234744978800157
14,12,C2,C6,0.03318576941660629
14,12,C3,C6,0.07729623916448562
14,12,C4,C6,0.054771353551405805
14,12,C5,C6,0.02782932892398714
14,12,C6,C6,0.013060904809920736
14,12,C7,C6,0.10211430976179456
14,12,Enterobacteriaceae,C6,0.010302200566310586
14,12,Lactobacillaceae,C6,-0.038368091114149634
14,12,Paenibacillaceae,C6,-0.021617567710692218
14,12,C1,C7,-0.05258863354767165
14,12,C2,C7,-0.01576859053204885
14,12,C3,C7,0.10709738926651118
14,12,C4,C7,0.0872475515052511
14,12,C5,C7,0.052597029329578
14,12,C6,C7,-0.03743943499224552
14,12,C7,C7,-0.03414789321149518
14,12,Enterobacteriaceae,C7,0.01186863253958064
14,12,Lactobacillaceae,C7,0.04616602198185498
14,12,Paenibacillaceae,C7,0.08817369855779876
14,12,C1,Enterobacteriaceae,-0.004854343997198132
14,12,C2,Enterobacteriaceae,-0.014208082205463459
14,12,C3,Enterobacteriaceae,-0.0037368198688430294
14,12,C4,Enterobacteriaceae,0.003138023449549392
14,12,C5,Enterobacteriaceae,0.010190677859519923
14,12,C6,Enterobacteriaceae,0.0033400165992517584
14,12,C7,Enterobacteriaceae,0.0035332386940073106
14,12,Enterobacteriaceae,Enterobacteriaceae,0.001942579985733362
14,12,Lactobacillaceae,Enterobacteriaceae,-0.022480413326590492
14,12,Paenibacillaceae,Enterobacteriaceae,-0.013623410640031525
14,12,C1,Lactobacillaceae,-0.05488324939427376
14,12,C2,Lactobacillaceae,-0.14911466438980514
14,12,C3,Lactobacillaceae,-0.05189665489217232
14,12,C4,Lactobacillaceae,0.04223562832770234
14,12,C5,Lactobacillaceae,0.1303855100245215
14,12,C6,Lactobacillaceae,0.09892923816065081
14,12,C7,Lactobacillaceae,0.004436904866031871
14,12,Enterobacteriaceae,Lactobacillaceae,0.038757663004795245
14,12,Lactobacillaceae,Lactobacillaceae,-0.14982374252834427
14,12,Paenibacillaceae,Lactobacillaceae,-0.14640914500829566
14,12,C1,Paenibacillaceae,-0.055294988409177764
14,12,C2,Paenibacillaceae,-0.21897967307666316
14,12,C3,Paenibacillaceae,-0.0989280193073561
14,12,C4,Paenibacillaceae,0.021397603869381925
14,12,C5,Paenibacillaceae,0.13721828352799884
14,12,C6,Paenibacillaceae,0.055548407710436884
14,12,C7,Paenibacillaceae,-0.035864824842082386
14,12,Enterobacteriaceae,Paenibacillaceae,0.028273871994784282
14,12,Lactobacillaceae,Paenibacillaceae,-0.1005489711377494
14,12,Paenibacillaceae,Paenibacillaceae,-0.1713607116736472
15,13,C1,C1,0.0032729086043121734
15,13,C2,C1,0.06329675914873104
15,13,C3,C1,0.047614512307945264
15,13,C4,C1,0.014855939463393352
15,13,C5,C1,-0.019693359138390414
15,13,C6,C1,-3.474714452289957e-4
15,13,C7,C1,0.04143343303752893
15,13,Enterobacteriaceae,C1,-0.0025139983273426
15,13,Lactobacillaceae,C1,0.025957791522324632
15,13,Paenibacillaceae,C1,0.03152120606171833
15,13,C1,C2,-0.08179114365075128
15,13,C2,C2,-0.11663346569807326
15,13,C3,C2,0.06002884229331714
15,13,C4,C2,0.10436273809118914
15,13,C5,C2,0.13089418272288333
15,13,C6,C2,0.01800546317660414
15,13,C7,C2,-2.691612341046797e-4
15,13,Enterobacteriaceae,C2,0.028427841860106447
15,13,Lactobacillaceae,C2,-0.05712199107071878
15,13,Paenibacillaceae,C2,-0.03209014094058556
15,13,C1,C3,-0.0816771334798073
15,13,C2,C3,-0.23672436148936968
15,13,C3,C3,-0.04645755545153227
15,13,C4,C3,0.06498092861065001
15,13,C5,C3,0.16272650614863854
15,13,C6,C3,0.02928139182796396
15,13,C7,C3,-0.07978676051581488
15,13,Enterobacteriaceae,C3,0.03197743083309369
15,13,Lactobacillaceae,C3,-0.08840591785160688
15,13,Paenibacillaceae,C3,-0.09915049515959205
15,13,C1,C4,-0.044004488142872285
15,13,C2,C4,-0.15611612700474212
15,13,C3,C4,-0.054748673293044885
15,13,C4,C4,0.021658963412481736
15,13,C5,C4,0.09479913959312077
15,13,C6,C4,0.021860799451829116
15,13,C7,C4,-0.04152215379434526
15,13,Enterobacteriaceae,C4,0.018512176830526816
15,13,Lactobacillaceae,C4,-0.07107357356434775
15,13,Paenibacillaceae,C4,-0.09022514349077683
15,13,C1,C5,0.00391781932390937
15,13,C2,C5,-0.03659126479505302
15,13,C3,C5,-0.045658921470596005
15,13,C4,C5,-0.025588147400369816
15,13,C5,C5,9.7896961232372e-4
15,13,C6,C5,0.0027753334796295744
15,13,C7,C5,-0.006026474159797877
15,13,Enterobacteriaceae,C5,-5.875104625894637e-5
15,13,Lactobacillaceae,C5,-0.02760829555689106
15,13,Paenibacillaceae,C5,-0.04533737002123908
15,13,C1,C6,-0.022894751207345278
15,13,C2,C6,0.03656465116238161
15,13,C3,C6,0.06474427430941691
15,13,C4,C6,0.04013138356767602
15,13,C5,C6,0.012652479377683625
15,13,C6,C6,0.00282363169333808
15,13,C7,C6,0.08490273445968327
15,13,Enterobacteriaceae,C6,0.006698906792944629
15,13,Lactobacillaceae,C6,-0.03127476309698495
15,13,Paenibacillaceae,C6,-0.01178376462226043
15,13,C1,C7,-0.03791714791610423
15,13,C2,C7,-0.0037919046473236075
15,13,C3,C7,0.08696429350859035
15,13,C4,C7,0.061603819517177194
15,13,C5,C7,0.024730556171897698
15,13,C6,C7,-0.051297155619030435
15,13,C7,C7,-0.04858230439917933
15,13,Enterobacteriaceae,C7,0.00571188578610189
15,13,Lactobacillaceae,C7,0.04982056390343223
15,13,Paenibacillaceae,C7,0.096218576242358
15,13,C1,Enterobacteriaceae,0.0013866841476256402
15,13,C2,Enterobacteriaceae,-0.007215132893427651
15,13,C3,Enterobacteriaceae,-0.009947655773043778
15,13,C4,Enterobacteriaceae,-0.007402331347583677
15,13,C5,Enterobacteriaceae,-0.0034882285554701732
15,13,C6,Enterobacteriaceae,-0.006046835508670762
15,13,C7,Enterobacteriaceae,-0.005931756392795923
15,13,Enterobacteriaceae,Enterobacteriaceae,-9.822921193726399e-4
15,13,Lactobacillaceae,Enterobacteriaceae,-0.016658246038683978
15,13,Paenibacillaceae,Enterobacteriaceae,-0.004493799554655999
15,13,C1,Lactobacillaceae,-0.05087990732567028
15,13,C2,Lactobacillaceae,-0.13776763890047738
15,13,C3,Lactobacillaceae,-0.047638146740663335
15,13,C4,Lactobacillaceae,0.03927570867120866
15,13,C5,Lactobacillaceae,0.12061731486515688
15,13,C6,Lactobacillaceae,0.09155124334904156
15,13,C7,Lactobacillaceae,0.0043031748676673615
15,13,Enterobacteriaceae,Lactobacillaceae,0.03577648456130793
15,13,Lactobacillaceae,Lactobacillaceae,-0.13845281121656228
15,13,Paenibacillaceae,Lactobacillaceae,-0.1352882534619546
15,13,C1,Paenibacillaceae,-0.06307506888300032
15,13,C2,Paenibacillaceae,-0.2140838896425398
15,13,C3,Paenibacillaceae,-0.07792805936663211
15,13,C4,Paenibacillaceae,0.04079433018116186
15,13,C5,Paenibacillaceae,0.152879115278262
15,13,C6,Paenibacillaceae,0.06991779847365773
15,13,C7,Paenibacillaceae,-0.01436566169767469
15,13,Enterobacteriaceae,Paenibacillaceae,0.031690955373668325
15,13,Lactobacillaceae,Paenibacillaceae,-0.10121815746613007
15,13,Paenibacillaceae,Paenibacillaceae,-0.17456567984129695
16,14,C1,C1,-0.0030384101501649877
16,14,C2,C1,0.052909595451330046
16,14,C3,C1,0.051899160404923095
16,14,C4,C1,0.024766235232089834
16,14,C5,C1,-0.004809217279231507
16,14,C6,C1,0.009072588611689934
16,14,C7,C1,0.04914386051517179
16,14,Enterobacteriaceae,C1,-1.782212819940568e-4
16,14,Lactobacillaceae,C1,0.018379288071076784
16,14,Paenibacillaceae,C1,0.021530322316728134
16,14,C1,C2,-0.08353849170998558
16,14,C2,C2,-0.11557703421164
16,14,C3,C2,0.06542466206374192
16,14,C4,C2,0.11068365083665463
16,14,C5,C2,0.13845045065733913
16,14,C6,C2,0.02854755959501372
16,14,C7,C2,0.013251412177643657
16,14,Enterobacteriaceae,C2,0.029095354279137352
16,14,Lactobacillaceae,C2,-0.06021058276020815
16,14,Paenibacillaceae,C2,-0.03949915080772692
16,14,C1,C3,-0.08193159409933418
16,14,C2,C3,-0.22560287170100438
16,14,C3,C3,-0.035217567323541095
16,14,C4,C3,0.07152665078912278
16,14,C5,C3,0.1648239280239524
16,14,C6,C3,0.036767983525188105
16,14,C7,C3,-0.06297240190111968
16,14,Enterobacteriaceae,C3,0.03187314271252957
16,14,Lactobacillaceae,C3,-0.0879022041947334
16,14,Paenibacillaceae,C3,-0.0998702334752288
16,14,C1,C4,-0.04355370010249518
16,14,C2,C4,-0.14750528437396732
16,14,C3,C4,-0.04728738298253242
16,14,C4,C4,0.02509802604854023
16,14,C5,C4,0.0941359721176171
16,14,C6,C4,0.024553663783257105
16,14,C7,C4,-0.03356947467377654
16,14,Enterobacteriaceae,C4,0.018157293904328502
16,14,Lactobacillaceae,C4,-0.06857317022012445
16,14,Paenibacillaceae,C4,-0.08722322297514086
16,14,C1,C5,-1.1756546790639267e-4
16,14,C2,C5,-0.03755003586170896
16,14,C3,C5,-0.03766455881298687
16,14,C4,C5,-0.017032744239136303
16,14,C5,C5,0.009126948253701249
16,14,C6,C5,0.008317423290823424
16,14,C7,C5,8.824428180798305e-4
16,14,Enterobacteriaceae,C5,0.0012661972019645208
16,14,Lactobacillaceae,C5,-0.02910640917110497
16,14,Paenibacillaceae,C5,-0.046817311775742484
16,14,C1,C6,-0.021274623476702424
16,14,C2,C6,0.03385673772433396
16,14,C3,C6,0.06040269411274004
16,14,C4,C6,0.03762759584174923
16,14,C5,C6,0.012311063925627837
16,14,C6,C6,0.002912946054262248
16,14,C7,C6,0.07952846123693195
16,14,Enterobacteriaceae,C6,0.006277909854066957
16,14,Lactobacillaceae,C6,-0.029272679338382283
16,14,Paenibacillaceae,C6,-0.011109974085095623
16,14,C1,C7,-0.04871926625478832
16,14,C2,C7,-0.01649184407670928
16,14,C3,C7,0.09779478752688128
16,14,C4,C7,0.08151892654856699
16,14,C5,C7,0.052788197525247785
16,14,C6,C7,-0.02677101667947209
16,14,C7,C7,-0.0214793034826251
16,14,Enterobacteriaceae,C7,0.010083917016280418
16,14,Lactobacillaceae,C7,0.03358524395740927
16,14,Paenibacillaceae,C7,0.07214154788755793
16,14,C1,Enterobacteriaceae,0.001954051264740872
16,14,C2,Enterobacteriaceae,-0.006050457629860015
16,14,C3,Enterobacteriaceae,-0.010103542227075907
16,14,C4,Enterobacteriaceae,-0.008105782531020162
16,14,C5,Enterobacteriaceae,-0.0047618103574785875
16,14,C6,Enterobacteriaceae,-0.006668710119023654
16,14,C7,Enterobacteriaceae,-0.006739203785507765
16,14,Enterobacteriaceae,Enterobacteriaceae,-0.001152906421174156
16,14,Lactobacillaceae,Enterobacteriaceae,-0.01481289783549141
16,14,Paenibacillaceae,Enterobacteriaceae,-0.0033095869169709035
16,14,C1,Lactobacillaceae,-0.049347443314955164
16,14,C2,Lactobacillaceae,-0.12995010766453424
16,14,C3,Lactobacillaceae,-0.04125072525750896
16,14,C4,Lactobacillaceae,0.040609010466799336
16,14,C5,Lactobacillaceae,0.11712805901837005
16,14,C6,Lactobacillaceae,0.08850977846415219
16,14,C7,Lactobacillaceae,0.008363531198672435
16,14,Enterobacteriaceae,Lactobacillaceae,0.03400512887077986
16,14,Lactobacillaceae,Lactobacillaceae,-0.1306960610243212
16,14,Paenibacillaceae,Lactobacillaceae,-0.1283917495256347
16,14,C1,Paenibacillaceae,-0.06574754958751575
16,14,C2,Paenibacillaceae,-0.205617501150564
16,14,C3,Paenibacillaceae,-0.06311630549944282
16,14,C4,Paenibacillaceae,0.05095875033284961
16,14,C5,Paenibacillaceae,0.15796728056468595
16,14,C6,Paenibacillaceae,0.07610040473330607
16,14,C7,Paenibacillaceae,-5.102803521958873e-4
16,14,Enterobacteriaceae,Paenibacillaceae,0.03197913995922952
16,14,Lactobacillaceae,Paenibacillaceae,-0.1007589079529703
16,14,Paenibacillaceae,Paenibacillaceae,-0.17120255193538392
17.9,15,C1,C1,-0.006395951184899319
17.9,15,C2,C1,0.04292201215445128
17.9,15,C3,C1,0.053260360484750524
17.9,15,C4,C1,0.03138512705545896
17.9,15,C5,C1,0.006464453659295985
17.9,15,C6,C1,0.01771781447626179
17.9,15,C7,C1,0.05299302909726765
17.9,15,Enterobacteriaceae,C1,0.0011526400247450247
17.9,15,Lactobacillaceae,C1,0.015925493551068152
17.9,15,Paenibacillaceae,C1,0.013757192480615982
17.9,15,C1,C2,-0.08167710301670685
17.9,15,C2,C2,-0.10970390884850602
17.9,15,C3,C2,0.07341969482223999
17.9,15,C4,C2,0.117538113784999
17.9,15,C5,C2,0.1450217948557784
17.9,15,C6,C2,0.04486560901527166
17.9,15,C7,C2,0.03302722903181435
17.9,15,Enterobacteriaceae,C2,0.028467299143566674
17.9,15,Lactobacillaceae,C2,-0.053851661525003584
17.9,15,Paenibacillaceae,C2,-0.04610462589425231
17.9,15,C1,C3,-0.07799950292883212
17.9,15,C2,C3,-0.20432838383461902
17.9,15,C3,C3,-0.020171293519961723
17.9,15,C4,C3,0.07680586686807454
17.9,15,C5,C3,0.16160219033986034
17.9,15,C6,C3,0.04535563302391352
17.9,15,C7,C3,-0.039993371435429116
17.9,15,Enterobacteriaceae,C3,0.030126296914940617
17.9,15,Lactobacillaceae,C3,-0.07845852995661372
17.9,15,Paenibacillaceae,C3,-0.09605915010721434
17.9,15,C1,C4,-0.04144507530841704
17.9,15,C2,C4,-0.13282600748739856
17.9,15,C3,C4,-0.035413961804150636
17.9,15,C4,C4,0.029918645315390565
17.9,15,C5,C4,0.09172862191296352
17.9,15,C6,C4,0.02938792292484421
17.9,15,C7,C4,-0.021354127202366145
17.9,15,Enterobacteriaceae,C4,0.017069050011050035
17.9,15,Lactobacillaceae,C4,-0.06056623180574678
17.9,15,Paenibacillaceae,C4,-0.08107780473382009
17.9,15,C1,C5,0.005665508836211261
17.9,15,C2,C5,-0.027351249332848635
17.9,15,C3,C5,-0.043817203843064506
17.9,15,C4,C5,-0.028623771794144312
17.9,15,C5,C5,-0.0081325997266148
17.9,15,C6,C5,-0.005620562598958858
17.9,15,C7,C5,-0.014220625889158015
17.9,15,Enterobacteriaceae,C5,-8.870850541624283e-4
17.9,15,Lactobacillaceae,C5,-0.025034544129889036
17.9,15,Paenibacillaceae,C5,-0.03322639236106685
17.9,15,C1,C6,-0.025666144500040004
17.9,15,C2,C6,0.0229529465339374
17.9,15,C3,C6,0.06626780291695927
17.9,15,C4,C6,0.049831370058865294
17.9,15,C5,C6,0.03040561048375737
17.9,15,C6,C6,0.01866080728638953
17.9,15,C7,C6,0.08806484430805336
17.9,15,Enterobacteriaceae,C6,0.007944007106202645
17.9,15,Lactobacillaceae,C6,-0.02644848223742403
17.9,15,Paenibacillaceae,C6,-0.019385657688698616
17.9,15,C1,C7,-0.03745618849492315
17.9,15,C2,C7,-0.009222389274141263
17.9,15,C3,C7,0.07566841928169726
17.9,15,C4,C7,0.05859997610050015
17.9,15,C5,C7,0.03124935990172599
17.9,15,C6,C7,-0.036341442816146485
17.9,15,C7,C7,-0.032946511747562926
17.9,15,Enterobacteriaceae,C7,0.007031933943477376
17.9,15,Lactobacillaceae,C7,0.029390575777313896
17.9,15,Paenibacillaceae,C7,0.07090076920563845
17.9,15,C1,Enterobacteriaceae,0.002925073086448237
17.9,15,C2,Enterobacteriaceae,-0.004096043464120597
17.9,15,C3,Enterobacteriaceae,-0.010755098131434831
17.9,15,C4,Enterobacteriaceae,-0.009624299545407266
17.9,15,C5,Enterobacteriaceae,-0.007519645831617628
17.9,15,C6,Enterobacteriaceae,-0.007865869007225263
17.9,15,C7,Enterobacteriaceae,-0.009088110106828919
17.9,15,Enterobacteriaceae,Enterobacteriaceae,-0.001463652500489574
17.9,15,Lactobacillaceae,Enterobacteriaceae,-0.012288160303043352
17.9,15,Paenibacillaceae,Enterobacteriaceae,-0.0012266230821784958
17.9,15,C1,Lactobacillaceae,-0.0496669438450801
17.9,15,C2,Lactobacillaceae,-0.12121701507569449
17.9,15,C3,Lactobacillaceae,-0.03208810466960647
17.9,15,C4,Lactobacillaceae,0.04313939653539401
17.9,15,C5,Lactobacillaceae,0.119347533032553
17.9,15,C6,Lactobacillaceae,0.07762740584034966
17.9,15,C7,Lactobacillaceae,0.0239503101891704
17.9,15,Enterobacteriaceae,Lactobacillaceae,0.032592424861546856
17.9,15,Lactobacillaceae,Lactobacillaceae,-0.1265201134514828
17.9,15,Paenibacillaceae,Lactobacillaceae,-0.1218702537015767
17.9,15,C1,Paenibacillaceae,-0.06707520322057484
17.9,15,C2,Paenibacillaceae,-0.18997245271366786
17.9,15,C3,Paenibacillaceae,-0.037972781640650294
17.9,15,C4,Paenibacillaceae,0.06721597248099644
17.9,15,C5,Paenibacillaceae,0.16507208969270518
17.9,15,C6,Paenibacillaceae,0.08856733504991353
17.9,15,C7,Paenibacillaceae,0.02364287980227131
17.9,15,Enterobacteriaceae,Paenibacillaceae,0.03137831335985442
17.9,15,Lactobacillaceae,Paenibacillaceae,-0.08990098294962057
17.9,15,Paenibacillaceae,Paenibacillaceae,-0.1634200451807265
